-- MariaDB dump 10.19  Distrib 10.6.4-MariaDB, for debian-linux-gnu (x86_64)
--
-- Host: localhost    Database: test3
-- ------------------------------------------------------
-- Server version	10.6.4-MariaDB-1:10.6.4+maria~focal

/*!40101 SET @OLD_CHARACTER_SET_CLIENT=@@CHARACTER_SET_CLIENT */;
/*!40101 SET @OLD_CHARACTER_SET_RESULTS=@@CHARACTER_SET_RESULTS */;
/*!40101 SET @OLD_COLLATION_CONNECTION=@@COLLATION_CONNECTION */;
/*!40101 SET NAMES utf8mb4 */;
/*!40103 SET @OLD_TIME_ZONE=@@TIME_ZONE */;
/*!40103 SET TIME_ZONE='+00:00' */;
/*!40014 SET @OLD_UNIQUE_CHECKS=@@UNIQUE_CHECKS, UNIQUE_CHECKS=0 */;
/*!40014 SET @OLD_FOREIGN_KEY_CHECKS=@@FOREIGN_KEY_CHECKS, FOREIGN_KEY_CHECKS=0 */;
/*!40101 SET @OLD_SQL_MODE=@@SQL_MODE, SQL_MODE='NO_AUTO_VALUE_ON_ZERO' */;
/*!40111 SET @OLD_SQL_NOTES=@@SQL_NOTES, SQL_NOTES=0 */;

--
-- Table structure for table `calibPoint`
--

DROP TABLE IF EXISTS `calibPoint`;
/*!40101 SET @saved_cs_client     = @@character_set_client */;
/*!40101 SET character_set_client = utf8 */;
CREATE TABLE `calibPoint` (
  `id` int(11) NOT NULL AUTO_INCREMENT,
  `pointTable` int(11) DEFAULT NULL,
  `pointRobot` int(11) DEFAULT NULL,
  `robotId` int(11) DEFAULT NULL,
  PRIMARY KEY (`id`),
  KEY `pointTable` (`pointTable`),
  KEY `pointRobot` (`pointRobot`),
  CONSTRAINT `calibPoint_ibfk_1` FOREIGN KEY (`pointTable`) REFERENCES `point` (`id`),
  CONSTRAINT `calibPoint_ibfk_2` FOREIGN KEY (`pointRobot`) REFERENCES `point` (`id`)
) ENGINE=InnoDB AUTO_INCREMENT=27 DEFAULT CHARSET=utf8mb4;
/*!40101 SET character_set_client = @saved_cs_client */;

--
-- Dumping data for table `calibPoint`
--

LOCK TABLES `calibPoint` WRITE;
/*!40000 ALTER TABLE `calibPoint` DISABLE KEYS */;
INSERT INTO `calibPoint` VALUES (1,1,2,1),(2,3,4,1),(3,5,6,1),(4,7,8,1),(5,9,10,1),(6,11,12,1),(7,13,14,1),(8,15,16,1),(9,17,18,1),(10,19,20,1),(11,21,22,1),(12,23,24,1),(13,25,26,1),(14,27,28,1),(15,29,30,1),(16,31,32,1),(17,33,34,1),(18,35,36,1),(19,37,38,1),(20,39,40,1),(21,41,42,1),(22,43,44,1),(23,45,46,1),(24,47,48,1),(25,49,50,1),(26,51,52,1);
/*!40000 ALTER TABLE `calibPoint` ENABLE KEYS */;
UNLOCK TABLES;

--
-- Table structure for table `point`
--

DROP TABLE IF EXISTS `point`;
/*!40101 SET @saved_cs_client     = @@character_set_client */;
/*!40101 SET character_set_client = utf8 */;
CREATE TABLE `point` (
  `id` int(11) NOT NULL AUTO_INCREMENT,
  `x` float DEFAULT NULL,
  `y` float DEFAULT NULL,
  `z` float DEFAULT NULL,
  PRIMARY KEY (`id`)
) ENGINE=InnoDB AUTO_INCREMENT=484 DEFAULT CHARSET=utf8mb4;
/*!40101 SET character_set_client = @saved_cs_client */;

--
-- Dumping data for table `point`
--

LOCK TABLES `point` WRITE;
/*!40000 ALTER TABLE `point` DISABLE KEYS */;
INSERT INTO `point` VALUES (1,0.75,0.7,0.205),(2,-0.23736,-0.28383,0.17),(3,0.75,0.6,0.205),(4,-0.14485,-0.24612,0.17),(5,0.75,0.1,0.205),(6,0.31775,-0.05711,0.17),(7,0.65,0.7,0.205),(8,-0.19929,-0.37603,0.17),(9,0.65,0.6,0.205),(10,-0.10643,-0.33849,0.17),(11,0.65,0.5,0.205),(12,-0.01384,-0.30256,0.17),(13,0.65,0.4,0.205),(14,0.07939,-0.26602,0.17),(15,0.65,0.3,0.205),(16,0.17277,-0.22853,0.17),(17,0.65,0.2,0.205),(18,0.26263,-0.18789,0.17),(19,0.65,0.1,0.205),(20,0.35582,-0.15019,0.17),(21,0.55,0.7,0.205),(22,-0.16623,-0.47202,0.17),(23,0.55,0.6,0.205),(24,-0.07357,-0.43339,0.17),(25,0.55,0.5,0.205),(26,0.01921,-0.39573,0.17),(27,0.55,0.4,0.205),(28,0.11113,-0.35687,0.17),(29,0.55,0.3,0.205),(30,0.20432,-0.31937,0.17),(31,0.55,0.2,0.205),(32,0.29683,-0.28149,0.17),(33,0.55,0.1,0.205),(34,0.38828,-0.24395,0.17),(35,0.45,0.6,0.205),(36,-0.03705,-0.52416,0.17),(37,0.45,0.5,0.205),(38,0.05629,-0.48721,0.17),(39,0.45,0.4,0.205),(40,0.14831,-0.44965,0.17),(41,0.45,0.3,0.205),(42,0.24111,-0.41115,0.17),(43,0.45,0.2,0.205),(44,0.33264,-0.37257,0.17),(45,0.35,0.5,0.205),(46,0.09367,-0.5792,0.17),(47,0.35,0.4,0.205),(48,0.18635,-0.54115,0.17),(49,0.35,0.3,0.205),(50,0.27939,-0.50439,0.17),(51,0.25,0.4,0.205),(52,0.22419,-0.63437,0.17),(53,0.537611,0.603495,0),(54,0.0866261,0.136364,0),(55,0.537603,0.601192,0),(56,0.0911854,0.140909,0),(57,0.537603,0.601192,0),(58,0.0911854,0.140909,0),(59,0.606318,0.557672,0),(60,0.193769,0.293182,0),(61,0,-0,0),(62,0.606318,0.557672,0),(63,0.301439,0.503925,0),(64,0.0911854,0.563636,0),(65,0,-0,0),(66,0.301439,0.503925,0),(67,0.301439,0.503925,0),(68,0.093465,0.563636,0),(69,0,-0,0),(70,0.301439,0.503925,0),(71,0.301439,0.503925,0),(72,0.093465,0.561364,0),(73,0,3.83125e28,0),(74,0.301439,0.503925,0),(75,0.299148,0.501622,0),(76,0.093465,0.561364,0),(77,0.299143,0.499323,0),(78,0.0911854,0.356818,0),(79,0.299148,0.501622,0),(80,0.145897,0.197727,0),(81,0.299148,0.501622,0),(82,0.145897,0.197727,0),(83,0.299152,0.50392,0),(84,0.145897,0.190909,0),(85,0.599836,0.675144,0),(86,0.143617,0.195455,0),(87,0.602124,0.672847,0),(88,0.143617,0.195455,0),(89,0.411478,0.584698,0),(90,0.143617,0.195455,0),(91,0.411471,0.582396,0),(92,0.145897,0.190909,0),(93,0.505279,0.532041,0),(94,0.145897,0.197727,0),(95,0.489286,0.550399,0),(96,0.12766,0.404545,0),(97,0.491578,0.550406,0),(98,0.093465,0.668182,0),(99,0.48698,0.545791,0),(100,0.0866261,0.527273,0),(101,0.307631,0.10057,0),(102,0.542553,0.486364,0),(103,0.489272,0.545798,0),(104,0.0866261,0.3,0),(105,0.48698,0.545791,0),(106,0.0889058,0.302273,0),(107,0.484654,0.534281,0),(108,0.0957447,0.0863636,0),(109,0.484654,0.534281,0),(110,0.093465,0.0863636,0),(111,0.484654,0.534281,0),(112,0.0957447,0.0863636,0),(113,0.514664,0.601119,0),(114,0.093465,0.0863636,0),(115,0.514664,0.601119,0),(116,0.0911854,0.136364,0),(117,0.24894,0.545209,0),(118,0.0866261,0.134091,0),(119,0.411397,0.554781,0),(120,0.0957447,0.0840909,0),(121,0.411397,0.554781,0),(122,0.0911854,0.140909,0),(123,0.411397,0.554781,0),(124,0.0911854,0.186364,0),(125,0.509934,0.555064,0),(126,0.0957447,0.240909,0),(127,0.25115,0.503826,0),(128,0.0866261,0.295455,0),(129,0.312993,0.559141,0),(130,0.093465,0.35,0),(131,0.416109,0.603128,0),(132,0.0866261,0.402273,0),(133,0.413825,0.605424,0),(134,0.0889058,0.452273,0),(135,0.464235,0.605569,0),(136,0.0866261,0.559091,0),(137,0.544678,0.658814,0),(138,0.0866261,0.611364,0),(139,0.544678,0.658814,0),(140,0.100304,0.6,0),(141,0.544678,0.658814,0),(142,0.0889058,0.611364,0),(143,0.544678,0.658814,0),(144,0.0889058,0.611364,0),(145,0.548986,0.573599,0),(146,0.0889058,0.611364,0),(147,0.280904,0.524574,0),(148,0.0889058,0.611364,0),(149,0.553271,0.474691,0),(150,0.0889058,0.668182,0),(151,0.550984,0.476983,0),(152,0.0911854,0.718182,0),(153,0.550984,0.476983,0),(154,0.0889058,0.713636,0),(155,0.550984,0.476983,0),(156,0.145897,0.718182,0),(157,0.505341,0.552749,0),(158,0.107143,0.7,0),(159,0,0,0),(160,0.505341,0.552749,0),(161,0.505341,0.552749,0),(162,0.143617,0.665909,0),(163,0,0,0),(164,0.505341,0.552749,0),(165,0.505341,0.552749,0),(166,0.141337,0.615909,0),(167,0.505341,0.552749,0),(168,0.155015,0.6,0),(169,0.505327,0.548146,0),(170,0.136778,0.561364,0),(171,0.503035,0.54814,0),(172,0.139058,0.506818,0),(173,0.255806,0.549822,0),(174,0.143617,0.452273,0),(175,0.150701,0.55196,0),(176,0.139058,0.402273,0),(177,0.105025,0.551914,0),(178,0.139058,0.345455,0),(179,0.367773,0.504075,0),(180,0.139058,0.295455,0),(181,0.367773,0.504075,0),(182,0.150456,0.236364,0),(183,0.367773,0.504075,0),(184,0.152736,0.179545,0),(185,0.367773,0.504075,0),(186,0.148176,0.131818,0),(187,0.370056,0.501782,0),(188,0.116261,0.0704546,0),(189,0.466378,0.554935,0),(190,0.196049,0.0931818,0),(191,0.466378,0.554935,0),(192,0.193769,0.136364,0),(193,0.466378,0.554935,0),(194,0.200608,0.131818,0),(195,0.404337,0.48118,0),(196,0.198328,0.188636,0),(197,0.50762,0.548153,0),(198,0.198328,0.243182,0),(199,0.509913,0.54816,0),(200,0.198328,0.297727,0),(201,0.509886,0.538957,0),(202,0.205167,0.354545,0),(203,0.509886,0.538957,0),(204,0.207447,0.402273,0),(205,0.702829,0.558002,0),(206,0.200608,0.504545,0),(207,0.695923,0.555675,0),(208,0.193769,0.556818,0),(209,0.505497,0.603393,0),(210,0.200608,0.613636,0),(211,0.50549,0.60109,0),(212,0.191489,0.665909,0),(213,0.203174,0.506044,0),(214,0.196049,0.715909,0),(215,0.450627,0.653903,0),(216,0.093465,0.720455,0),(217,0.450312,0.545686,0),(218,0.0911854,0.613636,0),(219,0.450312,0.545686,0),(220,0.0911854,0.511364,0),(221,0.450312,0.545686,0),(222,0.0980243,0.509091,0),(223,0.450312,0.545686,0),(224,0.093465,0.404545,0),(225,0.450312,0.545686,0),(226,0.093465,0.297727,0),(227,0.450312,0.545686,0),(228,0.0911854,0.195455,0),(229,0.450325,0.550287,0),(230,0.093465,0.0840909,0),(231,0.450325,0.550287,0),(232,0.450319,0.547986,0),(233,0.093465,0.0840909,0),(234,0.452616,0.550293,0),(235,0.0911854,0.0840909,0),(236,0.450319,0.547986,0),(237,0.0911854,0.190909,0),(238,0.450325,0.550287,0),(239,0.093465,0.297727,0),(240,0.450325,0.550287,0),(241,0.0911854,0.406818,0),(242,0.450325,0.550287,0),(243,0.093465,0.506818,0),(244,0.450319,0.547986,0),(245,0.0889058,0.561364,0),(246,0.45261,0.547993,0),(247,0.093465,0.665909,0),(248,0.45261,0.547993,0),(249,0.093465,0.720455,0),(250,0.45261,0.547993,0),(251,0.191489,0.720455,0),(252,0.448027,0.54798,0),(253,0.191489,0.720455,0),(254,0.448027,0.54798,0),(255,0.193769,0.613636,0),(256,0.448027,0.54798,0),(257,0.191489,0.506818,0),(258,0.448027,0.54798,0),(259,0.193769,0.4,0),(260,0.448027,0.54798,0),(261,0.196049,0.295455,0),(262,0.452623,0.552594,0),(263,0.205167,0.0818182,0),(264,0.452616,0.550293,0),(265,0.104863,0.138636,0),(266,0.452616,0.550293,0),(267,0.102584,0.140909,0),(268,0.450325,0.550287,0),(269,0.0980243,0.136364,0),(270,0.452623,0.552594,0),(271,0.102584,0.138636,0),(272,0.452623,0.552594,0),(273,0.102584,0.138636,0),(274,0.452623,0.552594,0),(275,0.104863,0.138636,0),(276,0.452623,0.552594,0),(277,0.0957447,0.668182,0),(278,0.454914,0.552601,0),(279,0.0957447,0.665909,0),(280,0.452623,0.552594,0),(281,0.0957447,0.665909,0),(282,0.452623,0.552594,0),(283,0.0729483,0.684091,0),(284,0.0978789,0.162105,0),(285,0.549392,0.45,0),(286,0.452623,0.552594,0),(287,0.157295,0.0863636,0),(288,0.404258,0.449013,0),(289,0.100304,0.0863636,0),(290,0.401747,0.352597,0),(291,0.0980243,0.193182,0),(292,0.404035,0.352602,0),(293,0.093465,0.295455,0),(294,0.408612,0.352612,0),(295,0.093465,0.402273,0),(296,0.408836,0.449024,0),(297,0.0911854,0.502273,0),(298,0.306121,0.554525,0),(299,0.0980243,0.611364,0),(300,0.404539,0.559365,0),(301,0.198328,0.713636,0),(302,0.406829,0.559371,0),(303,0.200608,0.613636,0),(304,0.413706,0.56169,0),(305,0.193769,0.509091,0),(306,0.505341,0.552749,0),(307,0.202888,0.404545,0),(308,0.509934,0.555064,0),(309,0.196049,0.295455,0),(310,0.599576,0.601399,0),(311,0.200608,0.195455,0),(312,0.601873,0.601407,0),(313,0.200608,0.0931818,0),(314,0.601873,0.601407,0),(315,0.093465,0.0931818,0),(316,0.406934,0.598498,0),(317,0.0957447,0.0909091,0),(318,0.627145,0.603798,0),(319,0.0889058,0.184091,0),(320,0.502906,0.504435,0),(321,0.0866261,0.295455,0),(322,0.306017,0.506234,0),(323,0.0866261,0.397727,0),(324,0.157492,0.501384,0),(325,0.0911854,0.504545,0),(326,0.159775,0.501387,0),(327,0.0911854,0.504545,0),(328,0.346961,0.405254,0),(329,0.0911854,0.611364,0),(330,0.351534,0.405264,0),(331,0.0911854,0.709091,0),(332,0.356108,0.405274,0),(333,0.191489,0.718182,0),(334,0.294589,0.508508,0),(335,0.196049,0.720455,0),(336,0.299162,0.508518,0),(337,0.198328,0.611364,0),(338,0.303735,0.508527,0),(339,0.191489,0.506818,0),(340,0.306032,0.51313,0),(341,0.193769,0.4,0),(342,0.31061,0.515439,0),(343,0.196049,0.297727,0),(344,0.312897,0.515444,0),(345,0.193769,0.190909,0),(346,0.315184,0.515449,0),(347,0.193769,0.0818182,0),(348,0.319753,0.51316,0),(349,0.0957447,0.0818182,0),(350,0.454914,0.552601,0),(351,0.0911854,0.0818182,0),(352,0.454914,0.552601,0),(353,0.0911854,0.0840909,0),(354,0.459497,0.552614,0),(355,0.093465,0.202273,0),(356,0.457206,0.552607,0),(357,0.0889058,0.186364,0),(358,0.457199,0.550306,0),(359,0.0911854,0.190909,0),(360,0.457199,0.550306,0),(361,0.0911854,0.393182,0),(362,0.461782,0.550319,0),(363,0.0911854,0.406818,0),(364,0.454908,0.5503,0),(365,0.0911854,0.618182,0),(366,0.170749,0.123313,0),(367,0.50152,0.354545,0),(368,0.356333,0.504048,0),(369,0.120821,0.156818,0),(370,0.363202,0.506363,0),(371,0.120821,0.154545,0),(372,0.376916,0.4995,0),(373,0.113982,0.152273,0),(374,0.381493,0.499511,0),(375,0.111702,0.152273,0),(376,0.388354,0.497229,0),(377,0.116261,0.154545,0),(378,0.392932,0.497241,0),(379,0.129939,0.184091,0),(380,0.395221,0.497246,0),(381,0.136778,0.181818,0),(382,0.55824,0.596654,0),(383,0.132219,0.181818,0),(384,0.642967,0.527872,0),(385,0.139058,0.172727,0),(386,0.509731,0.48606,0),(387,0.143617,0.177273,0),(388,0.283149,0.503888,0),(389,0.0843465,0.179545,0),(390,0.411229,0.490391,0),(391,0.0524316,0.4,0),(392,0.399899,0.536348,0),(393,0.0341945,0.397727,0),(394,0.411348,0.536378,0),(395,0.0889058,0.170455,0),(396,0.415928,0.53639,0),(397,0.093465,0.172727,0),(398,0.415922,0.53409,0),(399,0.100304,0.134091,0),(400,0.418206,0.531796,0),(401,0.0957447,0.131818,0),(402,0.404485,0.53866,0),(403,0.0980243,0.129545,0),(404,0.40678,0.540966,0),(405,0.100304,0.129545,0),(406,0.546648,0.55978,0),(407,0.139058,0.195455,0),(408,0.551229,0.557493,0),(409,0.132219,0.190909,0),(410,0.553531,0.559802,0),(411,0.145897,0.186364,0),(412,0.560408,0.557522,0),(413,0.143617,0.186364,0),(414,0.56499,0.555235,0),(415,0.145897,0.186364,0),(416,0.56958,0.55525,0),(417,0.141337,0.186364,0),(418,0.57417,0.555265,0),(419,0.143617,0.186364,0),(420,0.581071,0.559891,0),(421,0.139058,0.184091,0),(422,0.583366,0.559898,0),(423,0.143617,0.186364,0),(424,0.184455,0.155321,0),(425,0.136778,0.181818,0),(426,0.58795,0.557611,0),(427,0.141337,0.184091,0),(428,0.548913,0.550581,0),(429,0.139058,0.181818,0),(430,0.555796,0.550603,0),(431,0.139058,0.181818,0),(432,0.560386,0.550618,0),(433,0.134498,0.184091,0),(434,0.255725,0.506133,0),(435,0.134498,0.177273,0),(436,0.260296,0.506142,0),(437,0.132219,0.177273,0),(438,0.413675,0.550186,0),(439,0.134498,0.172727,0),(440,0.404395,0.504166,0),(441,0.132219,0.172727,0),(442,0.40898,0.506477,0),(443,0.1231,0.606818,0),(444,0.41356,0.506489,0),(445,0.1231,0.609091,0),(446,0.418139,0.506501,0),(447,0.12766,0.620455,0),(448,0.420429,0.506507,0),(449,0.12766,0.618182,0),(450,0.422719,0.506513,0),(451,0.139058,0.631818,0),(452,0.427305,0.508824,0),(453,0.134498,0.629545,0),(454,0.537435,0.548244,0),(455,0.134498,0.629545,0),(456,0.542023,0.548259,0),(457,0.132219,0.625,0),(458,0.546604,0.545972,0),(459,0.134498,0.629545,0),(460,0.411252,0.499586,0),(461,0.129939,0.629545,0),(462,0.415837,0.501897,0),(463,0.134498,0.627273,0),(464,0.25336,0.462471,0),(465,0.0478723,0.402273,0),(466,0.26021,0.460186,0),(467,0.0296353,0.402273,0),(468,0.493763,0.513607,0),(469,0.0797872,0.4,0),(470,0.500634,0.511327,0),(471,0.0797872,0.404545,0),(472,0.505219,0.51134,0),(473,0.0729483,0.402273,0),(474,0.509804,0.511354,0),(475,0.0683891,0.402273,0),(476,0.51439,0.511367,0),(477,0.0592705,0.397727,0),(478,0.518976,0.511381,0),(479,0.0797872,0.365909,0),(480,0.521276,0.513687,0),(481,0.075228,0.372727,0),(482,0.445477,0.451414,0),(483,0.0980243,0.395455,0);
/*!40000 ALTER TABLE `point` ENABLE KEYS */;
UNLOCK TABLES;

--
-- Table structure for table `robotConfig`
--

DROP TABLE IF EXISTS `robotConfig`;
/*!40101 SET @saved_cs_client     = @@character_set_client */;
/*!40101 SET character_set_client = utf8 */;
CREATE TABLE `robotConfig` (
  `id` int(11) NOT NULL AUTO_INCREMENT,
  `j1` float DEFAULT NULL,
  `j2` float DEFAULT NULL,
  `j3` float DEFAULT NULL,
  `j4` float DEFAULT NULL,
  `j5` float DEFAULT NULL,
  `j6` float DEFAULT NULL,
  `x` float DEFAULT NULL,
  `y` float DEFAULT NULL,
  `z` float DEFAULT NULL,
  `q1` float DEFAULT NULL,
  `q2` float DEFAULT NULL,
  `q3` float DEFAULT NULL,
  PRIMARY KEY (`id`)
) ENGINE=InnoDB AUTO_INCREMENT=217 DEFAULT CHARSET=utf8mb4;
/*!40101 SET character_set_client = @saved_cs_client */;

--
-- Dumping data for table `robotConfig`
--

LOCK TABLES `robotConfig` WRITE;
/*!40000 ALTER TABLE `robotConfig` DISABLE KEYS */;
INSERT INTO `robotConfig` VALUES (1,2.13244,-2.03592,2.31486,-1.8649,-1.55212,-1.37829,0.244506,-0.180018,0.280338,-2.58142,1.77169,-0.0344175),(2,2.13239,-2.03593,2.31489,-1.86494,-1.55213,-1.3784,0.244494,-0.180025,0.280329,-2.58149,1.77162,-0.0344461),(3,2.13243,-2.03599,2.31489,-1.86494,-1.55216,-1.3784,0.244492,-0.180009,0.280346,-2.58157,1.77161,-0.0345099),(4,2.13241,-2.03595,2.31488,-1.86491,-1.55212,-1.37837,0.244497,-0.180017,0.280334,-2.58148,1.77161,-0.0344359),(5,0,0,0,0,0,0,0,0,0,0,0,0),(6,0,0,0,0,0,0,0,0,0,0,0,0),(7,0,0,0,0,0,0,0,0,0,0,0,0),(8,0,0,0,0,0,0,0,0,0,0,0,0),(9,0,0,0,0,0,0,0,0,0,0,0,0),(10,2.13243,-2.03595,2.31487,-1.86496,-1.55209,-1.37841,0.244504,-0.180018,0.280345,-2.58152,1.77155,-0.0345366),(11,0,0,0,0,0,0,0,0,0,0,0,0),(12,2.13235,-2.03598,2.31488,-1.8649,-1.5521,-1.37835,0.244483,-0.180024,0.280343,-2.5814,1.77172,-0.0344779),(13,0,0,0,0,0,0,0,0,0,0,0,0),(14,0,0,0,0,0,0,0,0,0,0,0,0),(15,0,0,0,0,0,0,0,0,0,0,0,0),(16,2.13239,-2.03592,2.31487,-1.86491,-1.55214,-1.37835,0.244495,-0.180029,0.280333,-2.58145,1.77168,-0.0344034),(17,2.13239,-2.03598,2.31487,-1.86491,-1.55219,-1.37837,0.244486,-0.180022,0.28035,-2.58153,1.77169,-0.0344607),(18,2.1324,-2.03597,2.31485,-1.86491,-1.55216,-1.37836,0.244493,-0.180024,0.280358,-2.58151,1.77168,-0.0344929),(19,2.13238,-2.03597,2.31486,-1.86491,-1.55216,-1.37836,0.244487,-0.180028,0.280353,-2.58149,1.77171,-0.034476),(20,1.55464,-1.67324,1.47447,-2.92221,-0.636706,-1.57649,0.169889,-0.395144,0.683797,1.85718,-0.641451,1.84139),(21,1.54296,-1.68826,1.49707,-2.92941,-0.612844,-1.57685,0.166611,-0.389805,0.680194,1.86487,-0.6317,1.84934),(22,2.13238,-2.03595,2.31488,-1.86484,-1.55218,-1.37832,0.244484,-0.180023,0.280327,-2.58142,1.77174,-0.0342953),(23,0,0,0,0,0,0,0,0,0,0,0,0),(24,1.51026,-1.76097,1.59979,-2.95873,-1.41026,-1.57797,0.099066,-0.397196,0.663134,1.29901,-1.17225,1.26714),(25,0,0,0,0,0,0,0,0,0,0,0,0),(26,2.13244,-2.03595,2.31489,-1.8649,-1.55209,-1.37834,0.244502,-0.180007,0.280328,-2.58144,1.77161,-0.0344157),(27,0,0,0,0,0,0,0,0,0,0,0,0),(28,2.13237,-2.03591,2.31485,-1.86492,-1.55215,-1.37836,0.244494,-0.180042,0.280342,-2.58146,1.77171,-0.0344311),(29,0,0,0,0,0,0,0,0,0,0,0,0),(30,2.13241,-2.03598,2.31488,-1.86494,-1.55213,-1.37835,0.244494,-0.180014,0.280348,-2.58149,1.77166,-0.0345315),(31,0,0,0,0,0,0,0,0,0,0,0,0),(32,0,0,0,0,0,0,0,0,0,0,0,0),(33,2.13239,-2.03596,2.31486,-1.8649,-1.55214,-1.3783,0.244492,-0.180025,0.280348,-2.58142,1.77175,-0.0344556),(34,1.50866,-1.73169,1.56228,-2.95025,-0.649969,-1.57819,0.152187,-0.381015,0.669118,1.81958,-0.688656,1.8023),(35,0,0,0,0,0,0,0,0,0,0,0,0),(36,0,0,0,0,0,0,0,0,0,0,0,0),(37,0,0,0,0,0,0,0,0,0,0,0,0),(38,0,0,0,0,0,0,0,0,0,0,0,0),(39,0,0,0,0,0,0,0,0,0,0,0,0),(40,0,0,0,0,0,0,0,0,0,0,0,0),(41,0,0,0,0,0,0,0,0,0,0,0,0),(42,0,0,0,0,0,0,0,0,0,0,0,0),(43,0,0,0,0,0,0,0,0,0,0,0,0),(44,2.13244,-2.03593,2.31489,-1.86492,-1.55213,-1.37835,0.244501,-0.180012,0.280327,-2.58148,1.77162,-0.034411),(45,2.13246,-2.03596,2.31488,-1.86497,-1.55212,-1.37837,0.244507,-0.180007,0.280344,-2.58154,1.77156,-0.0345385),(46,2.13243,-2.03596,2.31487,-1.86496,-1.5521,-1.37834,0.244502,-0.180016,0.280348,-2.58147,1.77165,-0.0345458),(47,2.13244,-2.03592,2.31488,-1.86496,-1.55216,-1.37834,0.244503,-0.18002,0.280332,-2.58151,1.77166,-0.0344398),(48,0,0,0,0,0,0,0,0,0,0,0,0),(49,1.51515,-1.77186,1.6127,-2.96071,-1.56718,-1.57788,0.088306,-0.392605,0.661437,1.18807,-1.24436,1.15389),(50,2.13239,-2.03593,2.31488,-1.86491,-1.55219,-1.37828,0.244489,-0.180028,0.280331,-2.58142,1.7718,-0.034374),(51,0,0,0,0,0,0,0,0,0,0,0,0),(52,2.13243,-2.03592,2.31488,-1.86486,-1.55218,-1.37831,0.244496,-0.180017,0.280323,-2.58146,1.77169,-0.0342941),(53,2.13244,-2.0359,2.31486,-1.86484,-1.55214,-1.3783,0.244504,-0.180018,0.280325,-2.58142,1.77167,-0.0342821),(54,0,0,0,0,0,0,0,0,0,0,0,0),(55,0,0,0,0,0,0,0,0,0,0,0,0),(56,0,0,0,0,0,0,0,0,0,0,0,0),(57,0,0,0,0,0,0,0,0,0,0,0,0),(58,2.13243,-2.03596,2.31489,-1.86496,-1.55207,-1.37836,0.244502,-0.180011,0.280337,-2.58146,1.7716,-0.0345339),(59,2.13237,-2.03593,2.31486,-1.86481,-1.55209,-1.37825,0.24449,-0.180026,0.280333,-2.58128,1.7718,-0.0343294),(60,0,0,0,0,0,0,0,0,0,0,0,0),(61,0,0,0,0,0,0,0,0,0,0,0,0),(62,0,0,0,0,0,0,0,0,0,0,0,0),(63,0,0,0,0,0,0,0,0,0,0,0,0),(64,0,0,0,0,0,0,0,0,0,0,0,0),(65,0,0,0,0,0,0,0,0,0,0,0,0),(66,0,0,0,0,0,0,0,0,0,0,0,0),(67,0,0,0,0,0,0,0,0,0,0,0,0),(68,0,0,0,0,0,0,0,0,0,0,0,0),(69,0,0,0,0,0,0,0,0,0,0,0,0),(70,0,0,0,0,0,0,0,0,0,0,0,0),(71,0,0,0,0,0,0,0,0,0,0,0,0),(72,0,0,0,0,0,0,0,0,0,0,0,0),(73,0,0,0,0,0,0,0,0,0,0,0,0),(74,0,0,0,0,0,0,0,0,0,0,0,0),(75,0,0,0,0,0,0,0,0,0,0,0,0),(76,0,0,0,0,0,0,0,0,0,0,0,0),(77,0,0,0,0,0,0,0,0,0,0,0,0),(78,0,0,0,0,0,0,0,0,0,0,0,0),(79,0,0,0,0,0,0,0,0,0,0,0,0),(80,0,0,0,0,0,0,0,0,0,0,0,0),(81,0,0,0,0,0,0,0,0,0,0,0,0),(82,2.13245,-2.03595,2.31485,-1.86491,-1.55212,-1.37831,0.244507,-0.180014,0.280351,-2.58147,1.77165,-0.034487),(83,1.44522,-2.02507,1.95945,-3.05429,-1.49734,-1.57937,0.0784704,-0.301534,0.590415,1.18768,-1.24457,1.15357),(84,0,0,0,0,0,0,0,0,0,0,0,0),(85,0,0,0,0,0,0,0,0,0,0,0,0),(86,0,0,0,0,0,0,0,0,0,0,0,0),(87,0,0,0,0,0,0,0,0,0,0,0,0),(88,0,0,0,0,0,0,0,0,0,0,0,0),(89,0,0,0,0,0,0,0,0,0,0,0,0),(90,0,0,0,0,0,0,0,0,0,0,0,0),(91,2.13238,-2.03591,2.31481,-1.86487,0.0129931,-1.37837,0.312526,-0.135885,0.363896,-1.32217,0.893556,-0.654601),(92,2.13239,-2.03596,2.31485,-1.86491,-1.55214,-1.37836,0.244494,-0.180027,0.280355,-2.58148,1.77168,-0.0344905),(93,0,0,0,0,0,0,0,0,0,0,0,0),(94,0,0,0,0,0,0,0,0,0,0,0,0),(95,0,0,0,0,0,0,0,0,0,0,0,0),(96,0,0,0,0,0,0,0,0,0,0,0,0),(97,0,0,0,0,0,0,0,0,0,0,0,0),(98,0,0,0,0,0,0,0,0,0,0,0,0),(99,0,0,0,0,0,0,0,0,0,0,0,0),(100,0,0,0,0,0,0,0,0,0,0,0,0),(101,0,0,0,0,0,0,0,0,0,0,0,0),(102,0,0,0,0,0,0,0,0,0,0,0,0),(103,0,0,0,0,0,0,0,0,0,0,0,0),(104,0,0,0,0,0,0,0,0,0,0,0,0),(105,0,0,0,0,0,0,0,0,0,0,0,0),(106,1.57388,-1.65657,1.44778,-2.91317,-0.565851,-1.57542,0.180794,-0.393143,0.688459,1.91315,-0.566891,1.89977),(107,2.1324,-2.03595,2.31482,-1.86485,-1.55215,-1.37832,0.244496,-0.180027,0.280357,-2.58145,1.77171,-0.0344134),(108,2.13239,-2.03599,2.31489,-1.86485,-1.55216,-1.37826,0.244481,-0.180011,0.280336,-2.58139,1.7718,-0.034371),(109,0,0,0,0,0,0,0,0,0,0,0,0),(110,0,0,0,0,0,0,0,0,0,0,0,0),(111,0,0,0,0,0,0,0,0,0,0,0,0),(112,0,0,0,0,0,0,0,0,0,0,0,0),(113,0,0,0,0,0,0,0,0,0,0,0,0),(114,0,0,0,0,0,0,0,0,0,0,0,0),(115,2.13324,-2.03615,2.31509,-1.86484,-0.552035,-1.37759,0.302536,-0.142643,0.319474,-1.78903,1.21748,-0.495546),(116,2.13239,-2.03591,2.31491,-1.86488,-1.55209,-1.37831,0.244495,-0.180022,0.280311,-2.58136,1.77169,-0.0343283),(117,0,0,0,0,0,0,0,0,0,0,0,0),(118,2.13245,-2.03592,2.31489,-1.86494,-1.55209,-1.37841,0.244508,-0.180011,0.280325,-2.58152,1.77151,-0.0344498),(119,2.13237,-2.03592,2.31485,-1.86486,-1.55216,-1.37835,0.244489,-0.180037,0.28034,-2.58144,1.77172,-0.0343544),(120,0,0,0,0,0,0,0,0,0,0,0,0),(121,0,0,0,0,0,0,0,0,0,0,0,0),(122,0,0,0,0,0,0,0,0,0,0,0,0),(123,0,0,0,0,0,0,0,0,0,0,0,0),(124,1.51548,-1.76881,1.60862,-2.95978,-1.56754,-1.57791,0.0883438,-0.393773,0.662101,1.18801,-1.24427,1.15389),(125,2.13237,-2.0359,2.31486,-1.86488,-1.55216,-1.37836,0.244492,-0.18004,0.28033,-2.58144,1.7717,-0.0343373),(126,0,0,0,0,0,0,0,0,0,0,0,0),(127,0,0,0,0,0,0,0,0,0,0,0,0),(128,0,0,0,0,0,0,0,0,0,0,0,0),(129,0,0,0,0,0,0,0,0,0,0,0,0),(130,0,0,0,0,0,0,0,0,0,0,0,0),(131,0,0,0,0,0,0,0,0,0,0,0,0),(132,2.13241,-2.03592,2.31491,-1.86492,-1.55216,-1.3783,0.244495,-0.18002,0.280317,-2.58144,1.77172,-0.0343535),(133,0,0,0,0,0,0,0,0,0,0,0,0),(134,1.52423,-1.71072,1.53093,-2.94035,-0.652225,-1.57769,0.157618,-0.386793,0.674491,1.82805,-0.678046,1.8111),(135,0,0,0,0,0,0,0,0,0,0,0,0),(136,0,0,0,0,0,0,0,0,0,0,0,0),(137,0,0,0,0,0,0,0,0,0,0,0,0),(138,0,0,0,0,0,0,0,0,0,0,0,0),(139,2.13239,-2.03597,2.31491,-1.8648,-1.55209,-1.37837,0.244485,-0.180006,0.280319,-2.5814,1.77161,-0.0342952),(140,0,0,0,0,0,0,0,0,0,0,0,0),(141,0,0,0,0,0,0,0,0,0,0,0,0),(142,0,0,0,0,0,0,0,0,0,0,0,0),(143,0,0,0,0,0,0,0,0,0,0,0,0),(144,0,0,0,0,0,0,0,0,0,0,0,0),(145,0,0,0,0,0,0,0,0,0,0,0,0),(146,2.13245,-2.03596,2.31493,-1.86496,-1.55214,-1.37825,0.244498,-0.180003,0.28032,-2.58142,1.77173,-0.0344368),(147,0,0,0,0,0,0,0,0,0,0,0,0),(148,0,0,0,0,0,0,0,0,0,0,0,0),(149,2.13245,-2.03586,2.31488,-1.8649,-1.55208,-1.37828,0.244514,-0.180019,0.28031,-2.58136,1.77165,-0.0343189),(150,0,0,0,0,0,0,0,0,0,0,0,0),(151,0,0,0,0,0,0,0,0,0,0,0,0),(152,1.51124,-1.72803,1.55695,-2.94852,-0.635038,-1.57813,0.153884,-0.381108,0.670031,1.83081,-0.674958,1.81386),(153,0,0,0,0,0,0,0,0,0,0,0,0),(154,2.13228,-2.01763,2.3553,-1.92356,-1.55196,-1.37837,0.244483,-0.180035,0.261793,-2.58135,1.77168,-0.0343369),(155,0,0,0,0,0,0,0,0,0,0,0,0),(156,0,0,0,0,0,0,0,0,0,0,0,0),(157,0,0,0,0,0,0,0,0,0,0,0,0),(158,2.13241,-2.03585,2.31488,-1.86488,-1.55216,-1.37836,0.244503,-0.180032,0.280305,-2.58146,1.77163,-0.0342334),(159,2.13334,-2.03671,2.31525,-1.86474,-0.552023,-1.37744,0.302465,-0.14248,0.319546,-1.7891,1.21739,-0.495716),(160,0,0,0,0,0,0,0,0,0,0,0,0),(161,0,0,0,0,0,0,0,0,0,0,0,0),(162,0,0,0,0,0,0,0,0,0,0,0,0),(163,0,0,0,0,0,0,0,0,0,0,0,0),(164,0,0,0,0,0,0,0,0,0,0,0,0),(165,0,0,0,0,0,0,0,0,0,0,0,0),(166,0,0,0,0,0,0,0,0,0,0,0,0),(167,0,0,0,0,0,0,0,0,0,0,0,0),(168,0,0,0,0,0,0,0,0,0,0,0,0),(169,0,0,0,0,0,0,0,0,0,0,0,0),(170,2.13244,-2.03591,2.31485,-1.8649,-1.55215,-1.37837,0.244506,-0.180023,0.28034,-2.58152,1.7716,-0.0343963),(171,3.29612,-2.03595,2.31489,-1.86498,-1.55218,-1.37826,0.262116,0.153236,0.280336,-3.12012,0.0613453,-0.0197879),(172,1.45364,-1.82023,1.72019,-3.0179,-0.549694,-1.58033,0.140265,-0.349789,0.634541,1.84819,-0.652854,1.83204),(173,0,0,0,0,0,0,0,0,0,0,0,0),(174,0,0,0,0,0,0,0,0,0,0,0,0),(175,0,0,0,0,0,0,0,0,0,0,0,0),(176,0,0,0,0,0,0,0,0,0,0,0,0),(177,0,0,0,0,0,0,0,0,0,0,0,0),(178,0,0,0,0,0,0,0,0,0,0,0,0),(179,0,0,0,0,0,0,0,0,0,0,0,0),(180,2.13238,-2.03593,2.31486,-1.86491,-1.55214,-1.37832,0.244493,-0.180032,0.280342,-2.58142,1.77173,-0.0344387),(181,0,0,0,0,0,0,0,0,0,0,0,0),(182,0,0,0,0,0,0,0,0,0,0,0,0),(183,0,0,0,0,0,0,0,0,0,0,0,0),(184,2.13238,-2.03592,2.31487,-1.8649,-1.55216,-1.37835,0.244491,-0.180033,0.280332,-2.58145,1.77171,-0.0343718),(185,0,0,0,0,0,0,0,0,0,0,0,0),(186,0,0,0,0,0,0,0,0,0,0,0,0),(187,0,0,0,0,0,0,0,0,0,0,0,0),(188,2.13244,-2.03595,2.31485,-1.86481,-1.55216,-1.37838,0.244498,-0.180012,0.280342,-2.58153,1.77158,-0.0343205),(189,0,0,0,0,0,0,0,0,0,0,0,0),(190,0,0,0,0,0,0,0,0,0,0,0,0),(191,2.1324,-2.03595,2.31488,-1.86491,-1.55214,-1.37835,0.244494,-0.180021,0.280334,-2.58146,1.77167,-0.0344212),(192,0,0,0,0,0,0,0,0,0,0,0,0),(193,0,0,0,0,0,0,0,0,0,0,0,0),(194,0,0,0,0,0,0,0,0,0,0,0,0),(195,0,0,0,0,0,0,0,0,0,0,0,0),(196,2.13238,-2.03591,2.31486,-1.86486,-1.55213,-1.37837,0.244494,-0.180032,0.280331,-2.58143,1.77165,-0.034342),(197,2.13244,-2.03592,2.31487,-1.86488,-1.5521,-1.37831,0.244505,-0.180014,0.280331,-2.58142,1.77164,-0.0343896),(198,0,0,0,0,0,0,0,0,0,0,0,0),(199,2.13237,-2.03597,2.31493,-1.86488,-1.5521,-1.37834,0.244481,-0.180015,0.280316,-2.58138,1.7717,-0.0343736),(200,0,0,0,0,0,0,0,0,0,0,0,0),(201,0,0,0,0,0,0,0,0,0,0,0,0),(202,0,0,0,0,0,0,0,0,0,0,0,0),(203,0,0,0,0,0,0,0,0,0,0,0,0),(204,0,0,0,0,0,0,0,0,0,0,0,0),(205,0,0,0,0,0,0,0,0,0,0,0,0),(206,0,0,0,0,0,0,0,0,0,0,0,0),(207,2.13243,-2.03598,2.31493,-1.86492,-1.5521,-1.37838,0.244492,-0.180001,0.280323,-2.58149,1.77157,-0.0344429),(208,0,0,0,0,0,0,0,0,0,0,0,0),(209,0,0,0,0,0,0,0,0,0,0,0,0),(210,0,0,0,0,0,0,0,0,0,0,0,0),(211,0,0,0,0,0,0,0,0,0,0,0,0),(212,0,0,0,0,0,0,0,0,0,0,0,0),(213,0,0,0,0,0,0,0,0,0,0,0,0),(214,0,0,0,0,0,0,0,0,0,0,0,0),(215,0,0,0,0,0,0,0,0,0,0,0,0),(216,0,0,0,0,0,0,0,0,0,0,0,0);
/*!40000 ALTER TABLE `robotConfig` ENABLE KEYS */;
UNLOCK TABLES;

--
-- Table structure for table `throw`
--

DROP TABLE IF EXISTS `throw`;
/*!40101 SET @saved_cs_client     = @@character_set_client */;
/*!40101 SET character_set_client = utf8 */;
CREATE TABLE `throw` (
  `id` int(11) NOT NULL AUTO_INCREMENT,
  `success` tinyint(1) DEFAULT NULL,
  `testType` varchar(1024) DEFAULT NULL,
  `failedAt` varchar(1024) DEFAULT NULL,
  `deviation` float DEFAULT NULL,
  `objPos` int(11) DEFAULT NULL,
  `goalPos` int(11) DEFAULT NULL,
  `robotStartConfig` int(11) DEFAULT NULL,
  `totalThrowTime` float DEFAULT NULL,
  `calibImgTime` float DEFAULT NULL,
  `findObjTime` float DEFAULT NULL,
  `pathCalcTime` float DEFAULT NULL,
  `grabTime` float DEFAULT NULL,
  `throwTime` float DEFAULT NULL,
  `apiLogTime` float DEFAULT NULL,
  PRIMARY KEY (`id`),
  KEY `objPos` (`objPos`),
  KEY `goalPos` (`goalPos`),
  KEY `robotStartConfig` (`robotStartConfig`),
  CONSTRAINT `throw_ibfk_1` FOREIGN KEY (`objPos`) REFERENCES `point` (`id`),
  CONSTRAINT `throw_ibfk_2` FOREIGN KEY (`goalPos`) REFERENCES `point` (`id`),
  CONSTRAINT `throw_ibfk_3` FOREIGN KEY (`robotStartConfig`) REFERENCES `robotConfig` (`id`)
) ENGINE=InnoDB AUTO_INCREMENT=184 DEFAULT CHARSET=utf8mb4;
/*!40101 SET character_set_client = @saved_cs_client */;

--
-- Dumping data for table `throw`
--

LOCK TABLES `throw` WRITE;
/*!40000 ALTER TABLE `throw` DISABLE KEYS */;
INSERT INTO `throw` VALUES (1,0,'Ping Pong Ball','Throw',3,119,120,34,15247.9,-1,11530.2,0.262049,6552.32,17483.8,34.2957),(2,1,'Ping Pong Ball','',-1,121,122,35,19243.9,-1,16262.6,0.33457,6461.61,18146.9,34.2887),(3,1,'Ping Pong Ball','',-1,123,124,36,29658.1,-1,9512.34,0.235596,7746.17,11403.9,12.6472),(4,0,'Ping Pong Ball','Throw',3,125,126,37,26253.8,-1,12608.6,0.24441,7688.97,17264.9,33.0764),(5,0,'Ping Pong Ball','Throw',3,127,128,38,18596.4,-1,51347.6,0.25637,7058.97,58177.7,9.34357),(6,0,'Ping Pong Ball','Throw',3,129,130,39,17753.6,-1,26932.5,0.244951,6309.81,32120.8,34.0869),(7,0,'Ping Pong Ball','Throw',6,131,132,40,18959.7,-1,9941.13,0.558008,6581.36,18204.7,32.4663),(8,0,'Ping Pong Ball','Throw',6,133,134,41,23650.6,-1,12679.4,0.336889,6021.01,19558.4,32.8871),(9,0,'Ping Pong Ball','Throw',7,135,136,42,22657.6,-1,64744.9,0.431635,6912.77,71370.1,9.60239),(10,0,'Ping Pong Ball','Moving above object',-1,137,138,43,-1,-1,10875.7,-1,1959.91,-1,37.7288),(11,0,'Ping Pong Ball','Moving above object',-1,139,140,44,-1,-1,5162.56,-1,1707.04,-1,11.1809),(12,0,'Ping Pong Ball','Moving above object',-1,141,142,45,-1,-1,12326.5,-1,1767.16,-1,37.6714),(13,0,'Ping Pong Ball','Moving above object',-1,143,144,46,-1,-1,7088.61,-1,1798.78,-1,12.8538),(14,0,'Ping Pong Ball','Throw',8,145,146,47,22071.5,-1,11127.1,0.262442,9365.38,16418.8,10.8466),(15,0,'Ping Pong Ball','Grabbing object',-1,147,148,48,-1,-1,14105.2,-1,6881.68,-1,9.55823),(16,1,'Ping Pong Ball','',-1,149,150,49,20486.3,-1,15330.1,0.248059,7608,17232.4,33.524),(17,0,'Ping Pong Ball','Moving above object',-1,151,152,50,-1,-1,12665.6,0.257008,0.084349,-1,12.479),(18,0,'Ping Pong Ball','Moving above object',-1,153,154,51,-1,-1,3416.76,-1,0.100913,-1,12.5006),(19,0,'Ping Pong Ball','Throw',10,155,156,52,19293.4,-1,19250,0.41902,6484.76,23973.2,36.3925),(20,0,'Ping Pong Ball','Grabbing object',-1,157,158,53,-1,-1,31603.4,-1,6629.96,-1,33.1617),(21,0,'','Throw',8,159,160,54,42037.1,-1,7953.87,0.360803,-1,11764.8,34.8006),(22,0,'Ping Pong Ball','Grabbing object',-1,161,162,55,-1,-1,12259.1,-1,6539.37,-1,32.837),(23,1,'','',-1,163,164,56,22508.3,-1,17283.7,0.237635,-1,19181,10.8532),(24,1,'Ping Pong Ball','',-1,165,166,57,31960,-1,7840.29,0.325486,6923.07,9733.92,10.7267),(25,1,'Ping Pong Ball','',-1,167,168,58,14787.9,-1,42195.4,0.501158,6271.28,44074.8,9.1776),(26,0,'Ping Pong Ball','Throw',15,169,170,59,14523,-1,9340.59,0.254174,5858.16,13613.2,36.0715),(27,0,'Ping Pong Ball','Throw',17,171,172,60,15250.7,-1,14477,0.344448,5864.14,19842.2,32.7905),(28,0,'Ping Pong Ball','Throw',16,173,174,61,13029.3,-1,12201.1,0.238337,4844.75,17178.5,34.758),(29,0,'Ping Pong Ball','Throw',14,175,176,62,14194.9,-1,18190.1,0.40173,4995.66,25223.2,32.9107),(30,0,'Ping Pong Ball','Throw',15,177,178,63,13490.5,-1,4676.24,0.457886,5138.23,8774.34,10.3714),(31,0,'Ping Pong Ball','Throw',13,179,180,64,49575.1,-1,6051.67,0.236977,5302.98,11654.2,10.4268),(32,0,'Ping Pong Ball','Throw',10,181,182,65,18992.3,-1,7452.38,0.443988,5282.97,12207.8,33.1339),(33,0,'Ping Pong Ball','Throw',12,183,184,66,13850.3,-1,8059.57,0.346869,5257.44,12230,9.89758),(34,1,'Ping Pong Ball','',-1,185,186,67,13912.4,-1,128080,0.26959,5269.9,129935,34.3648),(35,1,'Ping Pong Ball','',-1,187,188,68,16205.5,-1,9237.57,0.347065,5277.79,11181.3,9.16695),(36,1,'Ping Pong Ball','',-1,189,190,69,18042.4,-1,9125.51,0.256831,5716.01,11103.5,9.57165),(37,0,'Ping Pong Ball','Throw',7,191,192,70,18866.6,-1,6424.44,0.240312,5831.08,21550.7,31.9964),(38,0,'Ping Pong Ball','Throw',8,193,194,71,18440.2,-1,7811.41,0.260628,5721.65,12329,8.95756),(39,1,'Ping Pong Ball','',-1,195,196,72,20363.9,-1,18360.9,0.243953,5398.11,20227,11.9195),(40,1,'Ping Pong Ball','',-1,197,198,73,15689.3,-1,6792.84,0.251507,5896.51,8667.51,10.4728),(41,0,'Ping Pong Ball','Throw',20,199,200,74,14096.7,-1,5733.44,0.359673,5898.09,10079.2,9.36565),(42,0,'Ping Pong Ball','Throw',23,201,202,75,18356.3,-1,4968.28,0.239882,5878.06,9544.3,10.5704),(43,0,'Ping Pong Ball','Throw',18,203,204,76,15413,-1,44632,0.400784,6043.27,50935.7,24.8833),(44,1,'Ping Pong Ball','',-1,205,206,77,18706.3,-1,8305.7,0.339541,6570.95,10172.5,33.0239),(45,0,'Ping Pong Ball','Throw',20,207,208,78,25378.5,-1,24112.6,0.301511,6576.82,29367.4,33.7903),(46,0,'Ping Pong Ball','Throw',15,209,210,79,19250.9,-1,7161.07,0.23632,6011.44,10501.6,10.9453),(47,0,'Ping Pong Ball','Throw',14,211,212,80,21562.7,-1,15525.9,0.260582,6049.22,21351.7,10.2123),(48,0,'Ping Pong Ball','Throw',17,213,214,81,13440,-1,9602.78,0.240674,5110.13,13166.1,32.8752),(49,0,'Ping Pong Ball: Reduced velocity','Moving above object',-1,215,216,82,-1,-1,5131.33,-1,1962.06,-1,35.7922),(50,0,'Ping Pong Ball: Reduced velocity','Throw',15,217,218,83,21547.3,-1,9195.39,0.429202,5638.67,13546.2,12.1396),(51,0,'Ping Pong Ball: Reduced velocity','Throw',12,219,220,84,15737.3,-1,15368.3,0.351151,5638.24,19769.6,9.2071),(52,0,'Ping Pong Ball: Reduced velocity','Throw',12,221,222,85,22936.6,-1,15918.8,0.256843,5633.2,19953.9,33.9874),(53,0,'Ping Pong Ball: Reduced velocity','Throw',12,223,224,86,12809.5,-1,12987.3,0.417403,5624.9,21376,12.7305),(54,0,'Ping Pong Ball: Reduced velocity','Throw',12,225,226,87,15929.7,-1,11131.8,0.342945,5626.84,14316,11.0284),(55,0,'Ping Pong Ball: Reduced velocity','Throw',3,227,228,88,15104.5,-1,35613.5,0.236286,5635.94,40398.1,9.04964),(56,0,'Ping Pong Ball: Reduced velocity','Grabbing object',-1,229,230,89,-1,-1,17095.6,-1,35821,-1,9.32833),(58,1,'Ping Pong Ball: Reduced throwTime','',-1,232,233,91,18088.4,-1,10127.4,0.565572,6307.81,12007.4,10.1176),(59,1,'Ping Pong Ball: Reduced throwTime','',-1,234,235,92,15900.2,-1,23943.3,0.530467,7310.54,25806.9,33.8513),(60,1,'Ping Pong Ball: Reduced throwTime','',-1,236,237,93,20149.4,-1,6361.52,0.231248,7294.87,8224.84,10.7168),(61,0,'Ping Pong Ball: Reduced throwTime','Throw',5,238,239,94,30226.1,-1,8080.48,0.23629,7279.05,12110.3,11.3328),(62,0,'Ping Pong Ball: Reduced throwTime','Throw',6,240,241,95,22227.5,-1,17100.5,0.232698,7309.76,22042.9,11.7604),(63,0,'Ping Pong Ball: Reduced throwTime','Throw',8,242,243,96,20919.2,-1,9419.1,0.282933,7267.94,13613.7,10.3004),(64,0,'Ping Pong Ball: Reduced throwTime','Throw',6,244,245,97,25064.7,-1,8839.39,0.232504,7284.49,12394.9,35.7822),(65,1,'Ping Pong Ball: Reduced throwTime','',-1,246,247,98,18869.4,-1,8279,0.236511,7320.53,10184.9,32.8681),(66,0,'Ping Pong Ball: Reduced throwTime','Throw',7,248,249,99,32231.7,-1,7294.29,0.343452,7408.35,11082.6,9.37992),(67,1,'Ping Pong Ball: Reduced throwTime','',-1,250,251,100,15803.4,-1,201617,0.338933,7293.74,203523,32.807),(68,0,'Ping Pong Ball: Reduced throwTime','Throw',17,252,253,101,20435.7,-1,10037.2,0.246561,7255,15071.2,9.36685),(69,0,'Ping Pong Ball: Reduced throwTime','Throw',18,254,255,102,15599.5,-1,14581.4,0.280504,7245.63,20285.8,9.07153),(70,0,'Ping Pong Ball: Reduced throwTime','Throw',14,256,257,103,30330,-1,10964,0.231811,7283.65,17750.4,33.4461),(71,0,'Ping Pong Ball: Reduced throwTime','Throw',20,258,259,104,19794.9,-1,13628,0.433943,7296.19,42401.7,33.8261),(72,0,'Ping Pong Ball: Reduced throwTime','Throw',12,260,261,105,15272.6,-1,45448.1,0.255826,7247.51,112001,33.8658),(73,0,'Ping Pong Ball: Reduced throwTime','Throw',12,262,263,106,15882.6,-1,16416.4,0.244467,7293.16,20735,9.37703),(74,1,'Consistency test: Ping Pong Ball','',-1,264,265,107,17200.4,-1,6882.11,0.261349,7289.45,8755.21,32.7918),(75,1,'Consistency test: Ping Pong Ball','',-1,266,267,108,15681.8,-1,8414.98,0.250058,7297.19,10265.9,10.7375),(76,1,'Consistency test: Ping Pong Ball','',-1,268,269,109,15890.3,-1,5982.08,0.268626,7259.51,7856.45,10.6458),(77,1,'Consistency test: Ping Pong Ball','',-1,270,271,110,19302.7,-1,38021.3,0.253865,7312.96,39888.5,32.5986),(78,1,'Consistency test: Ping Pong Ball','',-1,272,273,111,17685.2,-1,6874.95,0.427881,7304.37,8749.77,10.9902),(79,1,'Consistency test: Ping Pong Ball','',-1,274,275,112,23035.1,-1,8880.89,0.334034,7302.41,10757.4,12.1056),(80,1,'Consistency test: Ping Pong Ball','',-1,276,277,113,23639.7,-1,5844.48,0.383985,7277.34,7763.95,9.18103),(81,1,'Consistency test: Ping Pong Ball','',-1,278,279,114,30326.5,-1,22068.4,0.262543,7282.42,23954.8,9.07219),(82,1,'Consistency test: Ping Pong Ball','',-1,280,281,115,16626,-1,9864.22,0.468584,7319.76,11780.6,9.65421),(83,1,'Consistency test: Ping Pong Ball','',-1,282,283,116,16340,-1,8352.03,0.355204,7300.08,10278.5,9.18073),(84,0,'Consistency test: Ping Pong Ball','Moving above object',-1,284,285,117,-1,-1,14608.5,-1,2200.25,-1,12.4656),(85,1,'Consistency test: Ping Pong Ball','',-1,286,287,118,16155,-1,23745.1,0.349855,7294.36,25681.9,9.09184),(86,1,'Golfball','',-1,288,289,119,21839.3,-1,54222.1,0.501057,7054.57,56122.9,10.8028),(87,0,'Golfball','Throw',2,290,291,120,50315.1,-1,14023.9,0.254668,7454.58,18060.1,33.0479),(88,0,'Golfball','Throw',2,292,293,121,25508.8,-1,11770.5,0.36631,7423.2,21013.8,9.44545),(89,1,'Golfball','',-1,294,295,122,20535.8,-1,10023,0.437688,7425.85,11899.7,33.1888),(90,1,'Golfball','',-1,296,297,123,31511.6,-1,7009.9,0.254386,7079.33,8908.83,32.4259),(91,1,'Golfball','',-1,298,299,124,15950.5,-1,16786.5,0.374463,6604.79,18675.9,32.9481),(92,0,'Golfball','Throw',7,300,301,125,17140.2,-1,11016,0.369414,7088.76,16085.7,9.99798),(93,0,'Golfball','Throw',7,302,303,126,19081.5,-1,7609.99,0.262828,7089.13,11701.6,19.7648),(94,0,'Golfball','Throw',9,304,305,127,19022.5,-1,7909.15,0.244706,7114.99,14498.7,10.2529),(95,1,'Golfball','',-1,306,307,128,45730.8,-1,45527.2,0.428864,7527.67,47396.2,10.9234),(96,0,'Golfball','Throw',7,308,309,129,19450.5,-1,14830.9,0.246204,7556.08,19616.8,9.78882),(97,0,'Golfball','Throw',5,310,311,130,18089.1,-1,43545.2,0.324801,8037.08,47303.5,10.3111),(98,0,'Golfball','Throw',3,312,313,131,24423.1,-1,20342.1,0.236289,8024.97,24756.6,33.1462),(99,0,'Golfball','Throw',1,314,315,132,18178.7,-1,304392,0.484905,8050.61,307904,35.1016),(100,0,'Golfball: reduced throwTime','Throw',2,316,317,133,18128.6,-1,14096.6,0.232805,7159.06,17975.8,33.0937),(101,0,'Golfball: reduced throwTime','Throw',4,318,319,134,24018.5,-1,7954.52,0.373784,8127.12,11785.1,12.1696),(102,1,'Golfball: reduced throwTime','',-1,320,321,135,29735,-1,13865.9,0.354995,7468.4,15750.9,32.2286),(103,1,'Golfball: reduced throwTime','',-1,322,323,136,27721.1,-1,5945.81,0.425994,6757.75,7827.49,32.9401),(104,0,'Golfball','Throw',2,324,325,137,25929.8,-1,345349,0.352169,6849.67,355113,9.81311),(105,1,'Golfball','',-1,326,327,138,20793.5,-1,17874.6,0.25511,6862.18,19771.5,10.791),(106,0,'Golfball: reduced throwTime','Throw',3,328,329,139,16923.1,-1,5590.78,0.366347,7181.65,9416.49,9.24933),(107,0,'Golfball: reduced throwTime','Throw',5,330,331,140,24236.5,-1,16045.6,0.347929,7188.4,25968,9.3399),(108,0,'Golfball: reduced throwTime','Throw',7,332,333,141,26401.4,-1,9765.48,0.255589,7191.19,14340.9,9.37321),(109,0,'Golfball: reduced throwTime','Throw',7,334,335,142,17900.3,-1,9901.41,0.233479,6730.83,15136,32.9258),(110,0,'Golfball: reduced throwTime','Throw',2,336,337,143,18791.2,-1,5744.12,0.232576,6706.66,9051.64,10.0727),(111,0,'Golfball: reduced throwTime','Throw',5,338,339,144,21405.1,-1,7103.45,0.230761,6701.53,11083.7,9.80772),(112,1,'Golfball: reduced throwTime','',-1,340,341,145,17527.4,-1,7672.26,0.398471,6771.88,9547.37,9.81937),(113,0,'Golfball: reduced throwTime','Throw',6,342,343,146,16618.1,-1,7597.75,0.353333,6706.61,11776.2,9.19925),(114,0,'Golfball: reduced throwTime','Throw',3,344,345,147,15897.5,-1,10863.9,0.230017,6685.08,15677.2,9.918),(115,0,'Golfball: reduced throwTime','Throw',1,346,347,148,16747.8,-1,6889.9,0.229973,6684.88,10960.9,10.9134),(126,0,'Consistency test: Golfball','Throw',1,368,369,159,49554.1,-1,8877.33,0.45063,6894.91,69068.3,9.51667),(127,1,'Consistency test: Golfball','',-1,370,371,160,32351.7,-1,24324.9,0.410236,6883.94,26208.7,35.3557),(128,0,'Consistency test: Golfball','Throw',1,372,373,161,17197.3,-1,26358.5,0.246038,6943.72,29663.2,8.91492),(129,0,'Consistency test: Golfball','Throw',2,374,375,162,18416.2,-1,6978.82,0.353157,6978.76,10477.5,8.90223),(130,1,'Consistency test: Golfball','',-1,376,377,163,24502.5,-1,8092.81,0.23561,7010.83,9950.81,33.1729),(131,1,'Consistency test: Golfball','',-1,378,379,164,35660.3,-1,4688.53,0.237647,7030.92,6544.92,32.7921),(132,1,'Consistency test: Golfball','',-1,380,381,165,22175,-1,18207.7,0.255262,7025.18,20086.7,10.8253),(133,1,'Consistency test: Golfball','',-1,382,383,166,28379.2,-1,4716.86,0.434768,7847.02,6580.51,10.1525),(134,0,'Consistency test: Golfball','Throw',1,384,385,167,20151.8,-1,8928.43,0.238862,8008.35,12478.6,32.5883),(135,0,'Consistency test: Golfball','Throw',1,386,387,168,19454.5,-1,19326.6,0.263478,7481.05,22600.5,10.1658),(136,0,'Consistency test: Golfball','Throw',1,388,389,169,59989.7,-1,5856.28,0.245257,6750.65,9563.02,11.4482),(147,1,'Consistency test2: Golfball','',-1,410,411,180,18963.9,-1,14054.2,0.250993,7735.4,15929.2,31.9517),(148,1,'Consistency test2: Golfball','',-1,412,413,181,29798.6,-1,3944.59,0.241793,7756.81,5813.98,9.42929),(149,1,'Consistency test2: Golfball','',-1,414,415,182,17134.9,-1,5815.45,0.240351,7772.67,7655.39,10.2791),(150,1,'Consistency test2: Golfball','',-1,416,417,183,123291,-1,13506.8,0.533848,7893.53,15359.5,11.6504),(151,0,'Consistency test2: Golfball','Throw',1,418,419,184,26529.2,-1,23542.9,0.410952,7914.03,29287.8,12.3974),(152,1,'Consistency test2: Golfball','',-1,420,421,185,21450.6,-1,7067.36,0.495642,7953.55,8902.81,12.6214),(153,1,'Consistency test2: Golfball','',-1,422,423,186,34824.3,-1,11394.7,0.466039,7956.46,13239.8,10.9498),(154,0,'Consistency test2: Golfball','Moving above object',-1,424,425,187,-1,-1,15197.7,-1,2351.77,-1,13.5176),(155,1,'Consistency test2: Golfball','',-1,426,427,188,19191.4,-1,4128.16,0.486063,7965.69,5962.16,11.2696),(156,0,'Consistency test2: Golfball','Throw',1,428,429,189,36417.7,-1,8307.49,0.545858,7810.63,12217.5,13.0282),(157,1,'Consistency test2: Golfball','',-1,430,431,190,20126.2,-1,4767.01,0.452836,7836.07,6602.71,34.1529),(158,1,'Consistency test2: Golfball','',-1,432,433,191,40696.6,-1,53565.3,0.427523,7866.21,55391.8,11.7),(159,1,'Consistency test2: Golfball','',-1,434,435,192,16594.9,-1,3815.97,0.555711,6807.86,5686.83,13.8975),(160,1,'Consistency test2: Golfball','',-1,436,437,193,34571.8,-1,51768,0.514592,6831.66,53607.9,35.929),(161,1,'Consistency test2: Golfball','',-1,438,439,194,21938.9,-1,40519.3,0.481936,7225.86,42387.1,35.766),(162,1,'Consistency test2: Golfball','',-1,440,441,195,38380,-1,4881.09,0.485692,7152.89,6729.83,35.8248),(163,1,'Consistency test3: Golfball','',-1,442,443,196,24153.3,-1,7758.09,0.248509,7127.48,9648.93,32.8987),(164,1,'Consistency test3: Golfball','',-1,444,445,197,23296.7,-1,4607.39,0.261326,7089.17,6491.65,33.0414),(165,1,'Consistency test3: Golfball','',-1,446,447,198,27415.5,-1,5691.36,0.236935,7119.93,7588.47,32.8105),(166,0,'Consistency test3: Golfball','Throw',1,448,449,199,16384.9,-1,4713.35,0.256554,7118.15,8379.34,11.5234),(167,1,'Consistency test3: Golfball','',-1,450,451,200,16533.9,-1,4582.81,0.251305,7153.78,6469.73,34.9833),(168,1,'Consistency test3: Golfball','',-1,452,453,201,16708.6,-1,4577.91,0.324974,7162.68,6469.58,33.9948),(169,1,'Consistency test3: Golfball','',-1,454,455,202,25635.3,-1,3999.65,0.236462,7657.86,5890.18,9.41516),(170,1,'Consistency test3: Golfball','',-1,456,457,203,17793.1,-1,3730.19,0.352116,7641.04,5621.59,9.59002),(171,1,'Consistency test3: Golfball','',-1,458,459,204,21917.2,-1,4642.48,0.251613,7718.89,6528.57,33.0382),(172,1,'Consistency test3: Golfball','',-1,460,461,205,17523.3,-1,4783.67,0.241635,7097.51,6682.06,22.4389),(173,1,'Consistency test3: Golfball','',-1,462,463,206,18027.2,-1,4799.36,0.352195,7090.89,6691.23,9.38216),(174,0,'Consistency test4: Golfball','Throw',2,464,465,207,23495.4,-1,11436.6,0.447828,6997.57,20077.4,35.4932),(175,1,'Consistency test4: Golfball','',-1,466,467,208,17165.5,-1,13663.4,0.473808,7026.71,15584.9,35.9159),(176,1,'Consistency test4: Golfball','',-1,468,469,209,33978,-1,7065.01,0.456423,7537.24,8953.62,34.2999),(177,0,'Consistency test4: Golfball','Throw',1,470,471,210,18492.6,-1,8013.17,0.536114,7560.68,15727.7,11.3892),(178,1,'Consistency test4: Golfball','',-1,472,473,211,17464.3,-1,5128.04,0.555583,7557.25,7009.31,11.998),(179,1,'Consistency test4: Golfball','',-1,474,475,212,18816.5,-1,4737.02,0.487474,7583.48,6612.78,12.898),(180,0,'Consistency test4: Golfball','Throw',2,476,477,213,23355.4,-1,8442.65,0.407932,7587.07,12722.3,12.1715),(181,0,'Consistency test4: Golfball','Throw',1,478,479,214,17897.3,-1,5871.17,0.571276,7653.61,9201.57,36.3728),(182,0,'Consistency test4: Golfball','Throw',1,480,481,215,17967.3,-1,16999.3,0.500628,7634.02,20534.8,36.1236),(183,0,'Consistency test4: Golfball','Throw',1,482,483,216,17200.4,-1,5892.95,0.537574,7308.02,9192.01,12.1289);
/*!40000 ALTER TABLE `throw` ENABLE KEYS */;
UNLOCK TABLES;
/*!40103 SET TIME_ZONE=@OLD_TIME_ZONE */;

/*!40101 SET SQL_MODE=@OLD_SQL_MODE */;
/*!40014 SET FOREIGN_KEY_CHECKS=@OLD_FOREIGN_KEY_CHECKS */;
/*!40014 SET UNIQUE_CHECKS=@OLD_UNIQUE_CHECKS */;
/*!40101 SET CHARACTER_SET_CLIENT=@OLD_CHARACTER_SET_CLIENT */;
/*!40101 SET CHARACTER_SET_RESULTS=@OLD_CHARACTER_SET_RESULTS */;
/*!40101 SET COLLATION_CONNECTION=@OLD_COLLATION_CONNECTION */;
/*!40111 SET SQL_NOTES=@OLD_SQL_NOTES */;

-- Dump completed on 2021-12-16 11:52:10
