id,success,testType,failedAt,deviation,objPosX,objPosY,goalPosX,goalPosY,j1,j2,j3,j4,j5,j6,x,y,z,q1,q2,q3,totalThrowTime,calibImgTime,findObjTime,pathCalcTime,grabTime,throwTime,apiLogTime
1,0,"Ping Pong Ball",Throw,3,0.411397,0.554781,0.0957447,0.0840909,1.50866,-1.73169,1.56228,-2.95025,-0.649969,-1.57819,0.152187,-0.381015,0.669118,1.81958,-0.688656,1.8023,15247.9,-1,11530.2,0.262049,6552.32,17483.8,34.2957
2,1,"Ping Pong Ball",,-1,0.411397,0.554781,0.0911854,0.140909,0,0,0,0,0,0,0,0,0,0,0,0,19243.9,-1,16262.6,0.33457,6461.61,18146.9,34.2887
3,1,"Ping Pong Ball",,-1,0.411397,0.554781,0.0911854,0.186364,0,0,0,0,0,0,0,0,0,0,0,0,29658.1,-1,9512.34,0.235596,7746.17,11403.9,12.6472
4,0,"Ping Pong Ball",Throw,3,0.509934,0.555064,0.0957447,0.240909,0,0,0,0,0,0,0,0,0,0,0,0,26253.8,-1,12608.6,0.24441,7688.97,17264.9,33.0764
5,0,"Ping Pong Ball",Throw,3,0.25115,0.503826,0.0866261,0.295455,0,0,0,0,0,0,0,0,0,0,0,0,18596.4,-1,51347.6,0.25637,7058.97,58177.7,9.34357
6,0,"Ping Pong Ball",Throw,3,0.312993,0.559141,0.093465,0.35,0,0,0,0,0,0,0,0,0,0,0,0,17753.6,-1,26932.5,0.244951,6309.81,32120.8,34.0869
7,0,"Ping Pong Ball",Throw,6,0.416109,0.603128,0.0866261,0.402273,0,0,0,0,0,0,0,0,0,0,0,0,18959.7,-1,9941.13,0.558008,6581.36,18204.7,32.4663
8,0,"Ping Pong Ball",Throw,6,0.413825,0.605424,0.0889058,0.452273,0,0,0,0,0,0,0,0,0,0,0,0,23650.6,-1,12679.4,0.336889,6021.01,19558.4,32.8871
9,0,"Ping Pong Ball",Throw,7,0.464235,0.605569,0.0866261,0.559091,0,0,0,0,0,0,0,0,0,0,0,0,22657.6,-1,64744.9,0.431635,6912.77,71370.1,9.60239
10,0,"Ping Pong Ball","Moving above object",-1,0.544678,0.658814,0.0866261,0.611364,0,0,0,0,0,0,0,0,0,0,0,0,-1,-1,10875.7,-1,1959.91,-1,37.7288
11,0,"Ping Pong Ball","Moving above object",-1,0.544678,0.658814,0.100304,0.6,2.13244,-2.03593,2.31489,-1.86492,-1.55213,-1.37835,0.244501,-0.180012,0.280327,-2.58148,1.77162,-0.034411,-1,-1,5162.56,-1,1707.04,-1,11.1809
12,0,"Ping Pong Ball","Moving above object",-1,0.544678,0.658814,0.0889058,0.611364,2.13246,-2.03596,2.31488,-1.86497,-1.55212,-1.37837,0.244507,-0.180007,0.280344,-2.58154,1.77156,-0.0345385,-1,-1,12326.5,-1,1767.16,-1,37.6714
13,0,"Ping Pong Ball","Moving above object",-1,0.544678,0.658814,0.0889058,0.611364,2.13243,-2.03596,2.31487,-1.86496,-1.5521,-1.37834,0.244502,-0.180016,0.280348,-2.58147,1.77165,-0.0345458,-1,-1,7088.61,-1,1798.78,-1,12.8538
14,0,"Ping Pong Ball",Throw,8,0.548986,0.573599,0.0889058,0.611364,2.13244,-2.03592,2.31488,-1.86496,-1.55216,-1.37834,0.244503,-0.18002,0.280332,-2.58151,1.77166,-0.0344398,22071.5,-1,11127.1,0.262442,9365.38,16418.8,10.8466
15,0,"Ping Pong Ball","Grabbing object",-1,0.280904,0.524574,0.0889058,0.611364,0,0,0,0,0,0,0,0,0,0,0,0,-1,-1,14105.2,-1,6881.68,-1,9.55823
16,1,"Ping Pong Ball",,-1,0.553271,0.474691,0.0889058,0.668182,1.51515,-1.77186,1.6127,-2.96071,-1.56718,-1.57788,0.088306,-0.392605,0.661437,1.18807,-1.24436,1.15389,20486.3,-1,15330.1,0.248059,7608,17232.4,33.524
17,0,"Ping Pong Ball","Moving above object",-1,0.550984,0.476983,0.0911854,0.718182,2.13239,-2.03593,2.31488,-1.86491,-1.55219,-1.37828,0.244489,-0.180028,0.280331,-2.58142,1.7718,-0.034374,-1,-1,12665.6,0.257008,0.084349,-1,12.479
18,0,"Ping Pong Ball","Moving above object",-1,0.550984,0.476983,0.0889058,0.713636,0,0,0,0,0,0,0,0,0,0,0,0,-1,-1,3416.76,-1,0.100913,-1,12.5006
19,0,"Ping Pong Ball",Throw,10,0.550984,0.476983,0.145897,0.718182,2.13243,-2.03592,2.31488,-1.86486,-1.55218,-1.37831,0.244496,-0.180017,0.280323,-2.58146,1.77169,-0.0342941,19293.4,-1,19250,0.41902,6484.76,23973.2,36.3925
20,0,"Ping Pong Ball","Grabbing object",-1,0.505341,0.552749,0.107143,0.7,2.13244,-2.0359,2.31486,-1.86484,-1.55214,-1.3783,0.244504,-0.180018,0.280325,-2.58142,1.77167,-0.0342821,-1,-1,31603.4,-1,6629.96,-1,33.1617
21,0,,Throw,8,0,0,0.505341,0.552749,0,0,0,0,0,0,0,0,0,0,0,0,42037.1,-1,7953.87,0.360803,-1,11764.8,34.8006
22,0,"Ping Pong Ball","Grabbing object",-1,0.505341,0.552749,0.143617,0.665909,0,0,0,0,0,0,0,0,0,0,0,0,-1,-1,12259.1,-1,6539.37,-1,32.837
23,1,,,-1,0,0,0.505341,0.552749,0,0,0,0,0,0,0,0,0,0,0,0,22508.3,-1,17283.7,0.237635,-1,19181,10.8532
24,1,"Ping Pong Ball",,-1,0.505341,0.552749,0.141337,0.615909,0,0,0,0,0,0,0,0,0,0,0,0,31960,-1,7840.29,0.325486,6923.07,9733.92,10.7267
25,1,"Ping Pong Ball",,-1,0.505341,0.552749,0.155015,0.6,2.13243,-2.03596,2.31489,-1.86496,-1.55207,-1.37836,0.244502,-0.180011,0.280337,-2.58146,1.7716,-0.0345339,14787.9,-1,42195.4,0.501158,6271.28,44074.8,9.1776
26,0,"Ping Pong Ball",Throw,15,0.505327,0.548146,0.136778,0.561364,2.13237,-2.03593,2.31486,-1.86481,-1.55209,-1.37825,0.24449,-0.180026,0.280333,-2.58128,1.7718,-0.0343294,14523,-1,9340.59,0.254174,5858.16,13613.2,36.0715
27,0,"Ping Pong Ball",Throw,17,0.503035,0.54814,0.139058,0.506818,0,0,0,0,0,0,0,0,0,0,0,0,15250.7,-1,14477,0.344448,5864.14,19842.2,32.7905
28,0,"Ping Pong Ball",Throw,16,0.255806,0.549822,0.143617,0.452273,0,0,0,0,0,0,0,0,0,0,0,0,13029.3,-1,12201.1,0.238337,4844.75,17178.5,34.758
29,0,"Ping Pong Ball",Throw,14,0.150701,0.55196,0.139058,0.402273,0,0,0,0,0,0,0,0,0,0,0,0,14194.9,-1,18190.1,0.40173,4995.66,25223.2,32.9107
30,0,"Ping Pong Ball",Throw,15,0.105025,0.551914,0.139058,0.345455,0,0,0,0,0,0,0,0,0,0,0,0,13490.5,-1,4676.24,0.457886,5138.23,8774.34,10.3714
31,0,"Ping Pong Ball",Throw,13,0.367773,0.504075,0.139058,0.295455,0,0,0,0,0,0,0,0,0,0,0,0,49575.1,-1,6051.67,0.236977,5302.98,11654.2,10.4268
32,0,"Ping Pong Ball",Throw,10,0.367773,0.504075,0.150456,0.236364,0,0,0,0,0,0,0,0,0,0,0,0,18992.3,-1,7452.38,0.443988,5282.97,12207.8,33.1339
33,0,"Ping Pong Ball",Throw,12,0.367773,0.504075,0.152736,0.179545,0,0,0,0,0,0,0,0,0,0,0,0,13850.3,-1,8059.57,0.346869,5257.44,12230,9.89758
34,1,"Ping Pong Ball",,-1,0.367773,0.504075,0.148176,0.131818,0,0,0,0,0,0,0,0,0,0,0,0,13912.4,-1,128080,0.26959,5269.9,129935,34.3648
35,1,"Ping Pong Ball",,-1,0.370056,0.501782,0.116261,0.0704546,0,0,0,0,0,0,0,0,0,0,0,0,16205.5,-1,9237.57,0.347065,5277.79,11181.3,9.16695
36,1,"Ping Pong Ball",,-1,0.466378,0.554935,0.196049,0.0931818,0,0,0,0,0,0,0,0,0,0,0,0,18042.4,-1,9125.51,0.256831,5716.01,11103.5,9.57165
37,0,"Ping Pong Ball",Throw,7,0.466378,0.554935,0.193769,0.136364,0,0,0,0,0,0,0,0,0,0,0,0,18866.6,-1,6424.44,0.240312,5831.08,21550.7,31.9964
38,0,"Ping Pong Ball",Throw,8,0.466378,0.554935,0.200608,0.131818,0,0,0,0,0,0,0,0,0,0,0,0,18440.2,-1,7811.41,0.260628,5721.65,12329,8.95756
39,1,"Ping Pong Ball",,-1,0.404337,0.48118,0.198328,0.188636,0,0,0,0,0,0,0,0,0,0,0,0,20363.9,-1,18360.9,0.243953,5398.11,20227,11.9195
40,1,"Ping Pong Ball",,-1,0.50762,0.548153,0.198328,0.243182,0,0,0,0,0,0,0,0,0,0,0,0,15689.3,-1,6792.84,0.251507,5896.51,8667.51,10.4728
41,0,"Ping Pong Ball",Throw,20,0.509913,0.54816,0.198328,0.297727,0,0,0,0,0,0,0,0,0,0,0,0,14096.7,-1,5733.44,0.359673,5898.09,10079.2,9.36565
42,0,"Ping Pong Ball",Throw,23,0.509886,0.538957,0.205167,0.354545,0,0,0,0,0,0,0,0,0,0,0,0,18356.3,-1,4968.28,0.239882,5878.06,9544.3,10.5704
43,0,"Ping Pong Ball",Throw,18,0.509886,0.538957,0.207447,0.402273,0,0,0,0,0,0,0,0,0,0,0,0,15413,-1,44632,0.400784,6043.27,50935.7,24.8833
44,1,"Ping Pong Ball",,-1,0.702829,0.558002,0.200608,0.504545,0,0,0,0,0,0,0,0,0,0,0,0,18706.3,-1,8305.7,0.339541,6570.95,10172.5,33.0239
45,0,"Ping Pong Ball",Throw,20,0.695923,0.555675,0.193769,0.556818,0,0,0,0,0,0,0,0,0,0,0,0,25378.5,-1,24112.6,0.301511,6576.82,29367.4,33.7903
46,0,"Ping Pong Ball",Throw,15,0.505497,0.603393,0.200608,0.613636,0,0,0,0,0,0,0,0,0,0,0,0,19250.9,-1,7161.07,0.23632,6011.44,10501.6,10.9453
47,0,"Ping Pong Ball",Throw,14,0.50549,0.60109,0.191489,0.665909,0,0,0,0,0,0,0,0,0,0,0,0,21562.7,-1,15525.9,0.260582,6049.22,21351.7,10.2123
48,0,"Ping Pong Ball",Throw,17,0.203174,0.506044,0.196049,0.715909,0,0,0,0,0,0,0,0,0,0,0,0,13440,-1,9602.78,0.240674,5110.13,13166.1,32.8752
49,0,"Ping Pong Ball: Reduced velocity","Moving above object",-1,0.450627,0.653903,0.093465,0.720455,2.13245,-2.03595,2.31485,-1.86491,-1.55212,-1.37831,0.244507,-0.180014,0.280351,-2.58147,1.77165,-0.034487,-1,-1,5131.33,-1,1962.06,-1,35.7922
50,0,"Ping Pong Ball: Reduced velocity",Throw,15,0.450312,0.545686,0.0911854,0.613636,1.44522,-2.02507,1.95945,-3.05429,-1.49734,-1.57937,0.0784704,-0.301534,0.590415,1.18768,-1.24457,1.15357,21547.3,-1,9195.39,0.429202,5638.67,13546.2,12.1396
51,0,"Ping Pong Ball: Reduced velocity",Throw,12,0.450312,0.545686,0.0911854,0.511364,0,0,0,0,0,0,0,0,0,0,0,0,15737.3,-1,15368.3,0.351151,5638.24,19769.6,9.2071
52,0,"Ping Pong Ball: Reduced velocity",Throw,12,0.450312,0.545686,0.0980243,0.509091,0,0,0,0,0,0,0,0,0,0,0,0,22936.6,-1,15918.8,0.256843,5633.2,19953.9,33.9874
53,0,"Ping Pong Ball: Reduced velocity",Throw,12,0.450312,0.545686,0.093465,0.404545,0,0,0,0,0,0,0,0,0,0,0,0,12809.5,-1,12987.3,0.417403,5624.9,21376,12.7305
54,0,"Ping Pong Ball: Reduced velocity",Throw,12,0.450312,0.545686,0.093465,0.297727,0,0,0,0,0,0,0,0,0,0,0,0,15929.7,-1,11131.8,0.342945,5626.84,14316,11.0284
55,0,"Ping Pong Ball: Reduced velocity",Throw,3,0.450312,0.545686,0.0911854,0.195455,0,0,0,0,0,0,0,0,0,0,0,0,15104.5,-1,35613.5,0.236286,5635.94,40398.1,9.04964
56,0,"Ping Pong Ball: Reduced velocity","Grabbing object",-1,0.450325,0.550287,0.093465,0.0840909,0,0,0,0,0,0,0,0,0,0,0,0,-1,-1,17095.6,-1,35821,-1,9.32833
58,1,"Ping Pong Ball: Reduced throwTime",,-1,0.450319,0.547986,0.093465,0.0840909,2.13238,-2.03591,2.31481,-1.86487,0.0129931,-1.37837,0.312526,-0.135885,0.363896,-1.32217,0.893556,-0.654601,18088.4,-1,10127.4,0.565572,6307.81,12007.4,10.1176
59,1,"Ping Pong Ball: Reduced throwTime",,-1,0.452616,0.550293,0.0911854,0.0840909,2.13239,-2.03596,2.31485,-1.86491,-1.55214,-1.37836,0.244494,-0.180027,0.280355,-2.58148,1.77168,-0.0344905,15900.2,-1,23943.3,0.530467,7310.54,25806.9,33.8513
60,1,"Ping Pong Ball: Reduced throwTime",,-1,0.450319,0.547986,0.0911854,0.190909,0,0,0,0,0,0,0,0,0,0,0,0,20149.4,-1,6361.52,0.231248,7294.87,8224.84,10.7168
61,0,"Ping Pong Ball: Reduced throwTime",Throw,5,0.450325,0.550287,0.093465,0.297727,0,0,0,0,0,0,0,0,0,0,0,0,30226.1,-1,8080.48,0.23629,7279.05,12110.3,11.3328
62,0,"Ping Pong Ball: Reduced throwTime",Throw,6,0.450325,0.550287,0.0911854,0.406818,0,0,0,0,0,0,0,0,0,0,0,0,22227.5,-1,17100.5,0.232698,7309.76,22042.9,11.7604
63,0,"Ping Pong Ball: Reduced throwTime",Throw,8,0.450325,0.550287,0.093465,0.506818,0,0,0,0,0,0,0,0,0,0,0,0,20919.2,-1,9419.1,0.282933,7267.94,13613.7,10.3004
64,0,"Ping Pong Ball: Reduced throwTime",Throw,6,0.450319,0.547986,0.0889058,0.561364,0,0,0,0,0,0,0,0,0,0,0,0,25064.7,-1,8839.39,0.232504,7284.49,12394.9,35.7822
65,1,"Ping Pong Ball: Reduced throwTime",,-1,0.45261,0.547993,0.093465,0.665909,0,0,0,0,0,0,0,0,0,0,0,0,18869.4,-1,8279,0.236511,7320.53,10184.9,32.8681
66,0,"Ping Pong Ball: Reduced throwTime",Throw,7,0.45261,0.547993,0.093465,0.720455,0,0,0,0,0,0,0,0,0,0,0,0,32231.7,-1,7294.29,0.343452,7408.35,11082.6,9.37992
67,1,"Ping Pong Ball: Reduced throwTime",,-1,0.45261,0.547993,0.191489,0.720455,0,0,0,0,0,0,0,0,0,0,0,0,15803.4,-1,201617,0.338933,7293.74,203523,32.807
68,0,"Ping Pong Ball: Reduced throwTime",Throw,17,0.448027,0.54798,0.191489,0.720455,0,0,0,0,0,0,0,0,0,0,0,0,20435.7,-1,10037.2,0.246561,7255,15071.2,9.36685
69,0,"Ping Pong Ball: Reduced throwTime",Throw,18,0.448027,0.54798,0.193769,0.613636,0,0,0,0,0,0,0,0,0,0,0,0,15599.5,-1,14581.4,0.280504,7245.63,20285.8,9.07153
70,0,"Ping Pong Ball: Reduced throwTime",Throw,14,0.448027,0.54798,0.191489,0.506818,0,0,0,0,0,0,0,0,0,0,0,0,30330,-1,10964,0.231811,7283.65,17750.4,33.4461
71,0,"Ping Pong Ball: Reduced throwTime",Throw,20,0.448027,0.54798,0.193769,0.4,0,0,0,0,0,0,0,0,0,0,0,0,19794.9,-1,13628,0.433943,7296.19,42401.7,33.8261
72,0,"Ping Pong Ball: Reduced throwTime",Throw,12,0.448027,0.54798,0.196049,0.295455,0,0,0,0,0,0,0,0,0,0,0,0,15272.6,-1,45448.1,0.255826,7247.51,112001,33.8658
73,0,"Ping Pong Ball: Reduced throwTime",Throw,12,0.452623,0.552594,0.205167,0.0818182,1.57388,-1.65657,1.44778,-2.91317,-0.565851,-1.57542,0.180794,-0.393143,0.688459,1.91315,-0.566891,1.89977,15882.6,-1,16416.4,0.244467,7293.16,20735,9.37703
74,1,"Consistency test: Ping Pong Ball",,-1,0.452616,0.550293,0.104863,0.138636,2.1324,-2.03595,2.31482,-1.86485,-1.55215,-1.37832,0.244496,-0.180027,0.280357,-2.58145,1.77171,-0.0344134,17200.4,-1,6882.11,0.261349,7289.45,8755.21,32.7918
75,1,"Consistency test: Ping Pong Ball",,-1,0.452616,0.550293,0.102584,0.140909,2.13239,-2.03599,2.31489,-1.86485,-1.55216,-1.37826,0.244481,-0.180011,0.280336,-2.58139,1.7718,-0.034371,15681.8,-1,8414.98,0.250058,7297.19,10265.9,10.7375
76,1,"Consistency test: Ping Pong Ball",,-1,0.450325,0.550287,0.0980243,0.136364,0,0,0,0,0,0,0,0,0,0,0,0,15890.3,-1,5982.08,0.268626,7259.51,7856.45,10.6458
77,1,"Consistency test: Ping Pong Ball",,-1,0.452623,0.552594,0.102584,0.138636,0,0,0,0,0,0,0,0,0,0,0,0,19302.7,-1,38021.3,0.253865,7312.96,39888.5,32.5986
78,1,"Consistency test: Ping Pong Ball",,-1,0.452623,0.552594,0.102584,0.138636,0,0,0,0,0,0,0,0,0,0,0,0,17685.2,-1,6874.95,0.427881,7304.37,8749.77,10.9902
79,1,"Consistency test: Ping Pong Ball",,-1,0.452623,0.552594,0.104863,0.138636,0,0,0,0,0,0,0,0,0,0,0,0,23035.1,-1,8880.89,0.334034,7302.41,10757.4,12.1056
80,1,"Consistency test: Ping Pong Ball",,-1,0.452623,0.552594,0.0957447,0.668182,0,0,0,0,0,0,0,0,0,0,0,0,23639.7,-1,5844.48,0.383985,7277.34,7763.95,9.18103
81,1,"Consistency test: Ping Pong Ball",,-1,0.454914,0.552601,0.0957447,0.665909,0,0,0,0,0,0,0,0,0,0,0,0,30326.5,-1,22068.4,0.262543,7282.42,23954.8,9.07219
82,1,"Consistency test: Ping Pong Ball",,-1,0.452623,0.552594,0.0957447,0.665909,2.13324,-2.03615,2.31509,-1.86484,-0.552035,-1.37759,0.302536,-0.142643,0.319474,-1.78903,1.21748,-0.495546,16626,-1,9864.22,0.468584,7319.76,11780.6,9.65421
83,1,"Consistency test: Ping Pong Ball",,-1,0.452623,0.552594,0.0729483,0.684091,2.13239,-2.03591,2.31491,-1.86488,-1.55209,-1.37831,0.244495,-0.180022,0.280311,-2.58136,1.77169,-0.0343283,16340,-1,8352.03,0.355204,7300.08,10278.5,9.18073
84,0,"Consistency test: Ping Pong Ball","Moving above object",-1,0.0978789,0.162105,0.549392,0.45,0,0,0,0,0,0,0,0,0,0,0,0,-1,-1,14608.5,-1,2200.25,-1,12.4656
85,1,"Consistency test: Ping Pong Ball",,-1,0.452623,0.552594,0.157295,0.0863636,2.13245,-2.03592,2.31489,-1.86494,-1.55209,-1.37841,0.244508,-0.180011,0.280325,-2.58152,1.77151,-0.0344498,16155,-1,23745.1,0.349855,7294.36,25681.9,9.09184
86,1,Golfball,,-1,0.404258,0.449013,0.100304,0.0863636,2.13237,-2.03592,2.31485,-1.86486,-1.55216,-1.37835,0.244489,-0.180037,0.28034,-2.58144,1.77172,-0.0343544,21839.3,-1,54222.1,0.501057,7054.57,56122.9,10.8028
87,0,Golfball,Throw,2,0.401747,0.352597,0.0980243,0.193182,0,0,0,0,0,0,0,0,0,0,0,0,50315.1,-1,14023.9,0.254668,7454.58,18060.1,33.0479
88,0,Golfball,Throw,2,0.404035,0.352602,0.093465,0.295455,0,0,0,0,0,0,0,0,0,0,0,0,25508.8,-1,11770.5,0.36631,7423.2,21013.8,9.44545
89,1,Golfball,,-1,0.408612,0.352612,0.093465,0.402273,0,0,0,0,0,0,0,0,0,0,0,0,20535.8,-1,10023,0.437688,7425.85,11899.7,33.1888
90,1,Golfball,,-1,0.408836,0.449024,0.0911854,0.502273,0,0,0,0,0,0,0,0,0,0,0,0,31511.6,-1,7009.9,0.254386,7079.33,8908.83,32.4259
91,1,Golfball,,-1,0.306121,0.554525,0.0980243,0.611364,1.51548,-1.76881,1.60862,-2.95978,-1.56754,-1.57791,0.0883438,-0.393773,0.662101,1.18801,-1.24427,1.15389,15950.5,-1,16786.5,0.374463,6604.79,18675.9,32.9481
92,0,Golfball,Throw,7,0.404539,0.559365,0.198328,0.713636,2.13237,-2.0359,2.31486,-1.86488,-1.55216,-1.37836,0.244492,-0.18004,0.28033,-2.58144,1.7717,-0.0343373,17140.2,-1,11016,0.369414,7088.76,16085.7,9.99798
93,0,Golfball,Throw,7,0.406829,0.559371,0.200608,0.613636,0,0,0,0,0,0,0,0,0,0,0,0,19081.5,-1,7609.99,0.262828,7089.13,11701.6,19.7648
94,0,Golfball,Throw,9,0.413706,0.56169,0.193769,0.509091,0,0,0,0,0,0,0,0,0,0,0,0,19022.5,-1,7909.15,0.244706,7114.99,14498.7,10.2529
95,1,Golfball,,-1,0.505341,0.552749,0.202888,0.404545,0,0,0,0,0,0,0,0,0,0,0,0,45730.8,-1,45527.2,0.428864,7527.67,47396.2,10.9234
96,0,Golfball,Throw,7,0.509934,0.555064,0.196049,0.295455,0,0,0,0,0,0,0,0,0,0,0,0,19450.5,-1,14830.9,0.246204,7556.08,19616.8,9.78882
97,0,Golfball,Throw,5,0.599576,0.601399,0.200608,0.195455,0,0,0,0,0,0,0,0,0,0,0,0,18089.1,-1,43545.2,0.324801,8037.08,47303.5,10.3111
98,0,Golfball,Throw,3,0.601873,0.601407,0.200608,0.0931818,0,0,0,0,0,0,0,0,0,0,0,0,24423.1,-1,20342.1,0.236289,8024.97,24756.6,33.1462
99,0,Golfball,Throw,1,0.601873,0.601407,0.093465,0.0931818,2.13241,-2.03592,2.31491,-1.86492,-1.55216,-1.3783,0.244495,-0.18002,0.280317,-2.58144,1.77172,-0.0343535,18178.7,-1,304392,0.484905,8050.61,307904,35.1016
100,0,"Golfball: reduced throwTime",Throw,2,0.406934,0.598498,0.0957447,0.0909091,0,0,0,0,0,0,0,0,0,0,0,0,18128.6,-1,14096.6,0.232805,7159.06,17975.8,33.0937
101,0,"Golfball: reduced throwTime",Throw,4,0.627145,0.603798,0.0889058,0.184091,1.52423,-1.71072,1.53093,-2.94035,-0.652225,-1.57769,0.157618,-0.386793,0.674491,1.82805,-0.678046,1.8111,24018.5,-1,7954.52,0.373784,8127.12,11785.1,12.1696
102,1,"Golfball: reduced throwTime",,-1,0.502906,0.504435,0.0866261,0.295455,0,0,0,0,0,0,0,0,0,0,0,0,29735,-1,13865.9,0.354995,7468.4,15750.9,32.2286
103,1,"Golfball: reduced throwTime",,-1,0.306017,0.506234,0.0866261,0.397727,0,0,0,0,0,0,0,0,0,0,0,0,27721.1,-1,5945.81,0.425994,6757.75,7827.49,32.9401
104,0,Golfball,Throw,2,0.157492,0.501384,0.0911854,0.504545,0,0,0,0,0,0,0,0,0,0,0,0,25929.8,-1,345349,0.352169,6849.67,355113,9.81311
105,1,Golfball,,-1,0.159775,0.501387,0.0911854,0.504545,0,0,0,0,0,0,0,0,0,0,0,0,20793.5,-1,17874.6,0.25511,6862.18,19771.5,10.791
106,0,"Golfball: reduced throwTime",Throw,3,0.346961,0.405254,0.0911854,0.611364,2.13239,-2.03597,2.31491,-1.8648,-1.55209,-1.37837,0.244485,-0.180006,0.280319,-2.5814,1.77161,-0.0342952,16923.1,-1,5590.78,0.366347,7181.65,9416.49,9.24933
107,0,"Golfball: reduced throwTime",Throw,5,0.351534,0.405264,0.0911854,0.709091,0,0,0,0,0,0,0,0,0,0,0,0,24236.5,-1,16045.6,0.347929,7188.4,25968,9.3399
108,0,"Golfball: reduced throwTime",Throw,7,0.356108,0.405274,0.191489,0.718182,0,0,0,0,0,0,0,0,0,0,0,0,26401.4,-1,9765.48,0.255589,7191.19,14340.9,9.37321
109,0,"Golfball: reduced throwTime",Throw,7,0.294589,0.508508,0.196049,0.720455,0,0,0,0,0,0,0,0,0,0,0,0,17900.3,-1,9901.41,0.233479,6730.83,15136,32.9258
110,0,"Golfball: reduced throwTime",Throw,2,0.299162,0.508518,0.198328,0.611364,0,0,0,0,0,0,0,0,0,0,0,0,18791.2,-1,5744.12,0.232576,6706.66,9051.64,10.0727
111,0,"Golfball: reduced throwTime",Throw,5,0.303735,0.508527,0.191489,0.506818,0,0,0,0,0,0,0,0,0,0,0,0,21405.1,-1,7103.45,0.230761,6701.53,11083.7,9.80772
112,1,"Golfball: reduced throwTime",,-1,0.306032,0.51313,0.193769,0.4,0,0,0,0,0,0,0,0,0,0,0,0,17527.4,-1,7672.26,0.398471,6771.88,9547.37,9.81937
113,0,"Golfball: reduced throwTime",Throw,6,0.31061,0.515439,0.196049,0.297727,2.13245,-2.03596,2.31493,-1.86496,-1.55214,-1.37825,0.244498,-0.180003,0.28032,-2.58142,1.77173,-0.0344368,16618.1,-1,7597.75,0.353333,6706.61,11776.2,9.19925
114,0,"Golfball: reduced throwTime",Throw,3,0.312897,0.515444,0.193769,0.190909,0,0,0,0,0,0,0,0,0,0,0,0,15897.5,-1,10863.9,0.230017,6685.08,15677.2,9.918
115,0,"Golfball: reduced throwTime",Throw,1,0.315184,0.515449,0.193769,0.0818182,0,0,0,0,0,0,0,0,0,0,0,0,16747.8,-1,6889.9,0.229973,6684.88,10960.9,10.9134
126,0,"Consistency test: Golfball",Throw,1,0.356333,0.504048,0.120821,0.156818,2.13334,-2.03671,2.31525,-1.86474,-0.552023,-1.37744,0.302465,-0.14248,0.319546,-1.7891,1.21739,-0.495716,49554.1,-1,8877.33,0.45063,6894.91,69068.3,9.51667
127,1,"Consistency test: Golfball",,-1,0.363202,0.506363,0.120821,0.154545,0,0,0,0,0,0,0,0,0,0,0,0,32351.7,-1,24324.9,0.410236,6883.94,26208.7,35.3557
128,0,"Consistency test: Golfball",Throw,1,0.376916,0.4995,0.113982,0.152273,0,0,0,0,0,0,0,0,0,0,0,0,17197.3,-1,26358.5,0.246038,6943.72,29663.2,8.91492
129,0,"Consistency test: Golfball",Throw,2,0.381493,0.499511,0.111702,0.152273,0,0,0,0,0,0,0,0,0,0,0,0,18416.2,-1,6978.82,0.353157,6978.76,10477.5,8.90223
130,1,"Consistency test: Golfball",,-1,0.388354,0.497229,0.116261,0.154545,0,0,0,0,0,0,0,0,0,0,0,0,24502.5,-1,8092.81,0.23561,7010.83,9950.81,33.1729
131,1,"Consistency test: Golfball",,-1,0.392932,0.497241,0.129939,0.184091,0,0,0,0,0,0,0,0,0,0,0,0,35660.3,-1,4688.53,0.237647,7030.92,6544.92,32.7921
132,1,"Consistency test: Golfball",,-1,0.395221,0.497246,0.136778,0.181818,0,0,0,0,0,0,0,0,0,0,0,0,22175,-1,18207.7,0.255262,7025.18,20086.7,10.8253
133,1,"Consistency test: Golfball",,-1,0.55824,0.596654,0.132219,0.181818,0,0,0,0,0,0,0,0,0,0,0,0,28379.2,-1,4716.86,0.434768,7847.02,6580.51,10.1525
134,0,"Consistency test: Golfball",Throw,1,0.642967,0.527872,0.139058,0.172727,0,0,0,0,0,0,0,0,0,0,0,0,20151.8,-1,8928.43,0.238862,8008.35,12478.6,32.5883
135,0,"Consistency test: Golfball",Throw,1,0.509731,0.48606,0.143617,0.177273,0,0,0,0,0,0,0,0,0,0,0,0,19454.5,-1,19326.6,0.263478,7481.05,22600.5,10.1658
136,0,"Consistency test: Golfball",Throw,1,0.283149,0.503888,0.0843465,0.179545,0,0,0,0,0,0,0,0,0,0,0,0,59989.7,-1,5856.28,0.245257,6750.65,9563.02,11.4482
147,1,"Consistency test2: Golfball",,-1,0.553531,0.559802,0.145897,0.186364,2.13238,-2.03593,2.31486,-1.86491,-1.55214,-1.37832,0.244493,-0.180032,0.280342,-2.58142,1.77173,-0.0344387,18963.9,-1,14054.2,0.250993,7735.4,15929.2,31.9517
148,1,"Consistency test2: Golfball",,-1,0.560408,0.557522,0.143617,0.186364,0,0,0,0,0,0,0,0,0,0,0,0,29798.6,-1,3944.59,0.241793,7756.81,5813.98,9.42929
149,1,"Consistency test2: Golfball",,-1,0.56499,0.555235,0.145897,0.186364,0,0,0,0,0,0,0,0,0,0,0,0,17134.9,-1,5815.45,0.240351,7772.67,7655.39,10.2791
150,1,"Consistency test2: Golfball",,-1,0.56958,0.55525,0.141337,0.186364,0,0,0,0,0,0,0,0,0,0,0,0,123291,-1,13506.8,0.533848,7893.53,15359.5,11.6504
151,0,"Consistency test2: Golfball",Throw,1,0.57417,0.555265,0.143617,0.186364,2.13238,-2.03592,2.31487,-1.8649,-1.55216,-1.37835,0.244491,-0.180033,0.280332,-2.58145,1.77171,-0.0343718,26529.2,-1,23542.9,0.410952,7914.03,29287.8,12.3974
152,1,"Consistency test2: Golfball",,-1,0.581071,0.559891,0.139058,0.184091,0,0,0,0,0,0,0,0,0,0,0,0,21450.6,-1,7067.36,0.495642,7953.55,8902.81,12.6214
153,1,"Consistency test2: Golfball",,-1,0.583366,0.559898,0.143617,0.186364,0,0,0,0,0,0,0,0,0,0,0,0,34824.3,-1,11394.7,0.466039,7956.46,13239.8,10.9498
154,0,"Consistency test2: Golfball","Moving above object",-1,0.184455,0.155321,0.136778,0.181818,0,0,0,0,0,0,0,0,0,0,0,0,-1,-1,15197.7,-1,2351.77,-1,13.5176
155,1,"Consistency test2: Golfball",,-1,0.58795,0.557611,0.141337,0.184091,2.13244,-2.03595,2.31485,-1.86481,-1.55216,-1.37838,0.244498,-0.180012,0.280342,-2.58153,1.77158,-0.0343205,19191.4,-1,4128.16,0.486063,7965.69,5962.16,11.2696
156,0,"Consistency test2: Golfball",Throw,1,0.548913,0.550581,0.139058,0.181818,0,0,0,0,0,0,0,0,0,0,0,0,36417.7,-1,8307.49,0.545858,7810.63,12217.5,13.0282
157,1,"Consistency test2: Golfball",,-1,0.555796,0.550603,0.139058,0.181818,0,0,0,0,0,0,0,0,0,0,0,0,20126.2,-1,4767.01,0.452836,7836.07,6602.71,34.1529
158,1,"Consistency test2: Golfball",,-1,0.560386,0.550618,0.134498,0.184091,2.1324,-2.03595,2.31488,-1.86491,-1.55214,-1.37835,0.244494,-0.180021,0.280334,-2.58146,1.77167,-0.0344212,40696.6,-1,53565.3,0.427523,7866.21,55391.8,11.7
159,1,"Consistency test2: Golfball",,-1,0.255725,0.506133,0.134498,0.177273,0,0,0,0,0,0,0,0,0,0,0,0,16594.9,-1,3815.97,0.555711,6807.86,5686.83,13.8975
160,1,"Consistency test2: Golfball",,-1,0.260296,0.506142,0.132219,0.177273,0,0,0,0,0,0,0,0,0,0,0,0,34571.8,-1,51768,0.514592,6831.66,53607.9,35.929
161,1,"Consistency test2: Golfball",,-1,0.413675,0.550186,0.134498,0.172727,0,0,0,0,0,0,0,0,0,0,0,0,21938.9,-1,40519.3,0.481936,7225.86,42387.1,35.766
162,1,"Consistency test2: Golfball",,-1,0.404395,0.504166,0.132219,0.172727,0,0,0,0,0,0,0,0,0,0,0,0,38380,-1,4881.09,0.485692,7152.89,6729.83,35.8248
163,1,"Consistency test3: Golfball",,-1,0.40898,0.506477,0.1231,0.606818,2.13238,-2.03591,2.31486,-1.86486,-1.55213,-1.37837,0.244494,-0.180032,0.280331,-2.58143,1.77165,-0.034342,24153.3,-1,7758.09,0.248509,7127.48,9648.93,32.8987
164,1,"Consistency test3: Golfball",,-1,0.41356,0.506489,0.1231,0.609091,2.13244,-2.03592,2.31487,-1.86488,-1.5521,-1.37831,0.244505,-0.180014,0.280331,-2.58142,1.77164,-0.0343896,23296.7,-1,4607.39,0.261326,7089.17,6491.65,33.0414
165,1,"Consistency test3: Golfball",,-1,0.418139,0.506501,0.12766,0.620455,0,0,0,0,0,0,0,0,0,0,0,0,27415.5,-1,5691.36,0.236935,7119.93,7588.47,32.8105
166,0,"Consistency test3: Golfball",Throw,1,0.420429,0.506507,0.12766,0.618182,2.13237,-2.03597,2.31493,-1.86488,-1.5521,-1.37834,0.244481,-0.180015,0.280316,-2.58138,1.7717,-0.0343736,16384.9,-1,4713.35,0.256554,7118.15,8379.34,11.5234
167,1,"Consistency test3: Golfball",,-1,0.422719,0.506513,0.139058,0.631818,0,0,0,0,0,0,0,0,0,0,0,0,16533.9,-1,4582.81,0.251305,7153.78,6469.73,34.9833
168,1,"Consistency test3: Golfball",,-1,0.427305,0.508824,0.134498,0.629545,0,0,0,0,0,0,0,0,0,0,0,0,16708.6,-1,4577.91,0.324974,7162.68,6469.58,33.9948
169,1,"Consistency test3: Golfball",,-1,0.537435,0.548244,0.134498,0.629545,0,0,0,0,0,0,0,0,0,0,0,0,25635.3,-1,3999.65,0.236462,7657.86,5890.18,9.41516
170,1,"Consistency test3: Golfball",,-1,0.542023,0.548259,0.132219,0.625,0,0,0,0,0,0,0,0,0,0,0,0,17793.1,-1,3730.19,0.352116,7641.04,5621.59,9.59002
171,1,"Consistency test3: Golfball",,-1,0.546604,0.545972,0.134498,0.629545,0,0,0,0,0,0,0,0,0,0,0,0,21917.2,-1,4642.48,0.251613,7718.89,6528.57,33.0382
172,1,"Consistency test3: Golfball",,-1,0.411252,0.499586,0.129939,0.629545,0,0,0,0,0,0,0,0,0,0,0,0,17523.3,-1,4783.67,0.241635,7097.51,6682.06,22.4389
173,1,"Consistency test3: Golfball",,-1,0.415837,0.501897,0.134498,0.627273,0,0,0,0,0,0,0,0,0,0,0,0,18027.2,-1,4799.36,0.352195,7090.89,6691.23,9.38216
174,0,"Consistency test4: Golfball",Throw,2,0.25336,0.462471,0.0478723,0.402273,2.13243,-2.03598,2.31493,-1.86492,-1.5521,-1.37838,0.244492,-0.180001,0.280323,-2.58149,1.77157,-0.0344429,23495.4,-1,11436.6,0.447828,6997.57,20077.4,35.4932
175,1,"Consistency test4: Golfball",,-1,0.26021,0.460186,0.0296353,0.402273,0,0,0,0,0,0,0,0,0,0,0,0,17165.5,-1,13663.4,0.473808,7026.71,15584.9,35.9159
176,1,"Consistency test4: Golfball",,-1,0.493763,0.513607,0.0797872,0.4,0,0,0,0,0,0,0,0,0,0,0,0,33978,-1,7065.01,0.456423,7537.24,8953.62,34.2999
177,0,"Consistency test4: Golfball",Throw,1,0.500634,0.511327,0.0797872,0.404545,0,0,0,0,0,0,0,0,0,0,0,0,18492.6,-1,8013.17,0.536114,7560.68,15727.7,11.3892
178,1,"Consistency test4: Golfball",,-1,0.505219,0.51134,0.0729483,0.402273,0,0,0,0,0,0,0,0,0,0,0,0,17464.3,-1,5128.04,0.555583,7557.25,7009.31,11.998
179,1,"Consistency test4: Golfball",,-1,0.509804,0.511354,0.0683891,0.402273,0,0,0,0,0,0,0,0,0,0,0,0,18816.5,-1,4737.02,0.487474,7583.48,6612.78,12.898
180,0,"Consistency test4: Golfball",Throw,2,0.51439,0.511367,0.0592705,0.397727,0,0,0,0,0,0,0,0,0,0,0,0,23355.4,-1,8442.65,0.407932,7587.07,12722.3,12.1715
181,0,"Consistency test4: Golfball",Throw,1,0.518976,0.511381,0.0797872,0.365909,0,0,0,0,0,0,0,0,0,0,0,0,17897.3,-1,5871.17,0.571276,7653.61,9201.57,36.3728
182,0,"Consistency test4: Golfball",Throw,1,0.521276,0.513687,0.075228,0.372727,0,0,0,0,0,0,0,0,0,0,0,0,17967.3,-1,16999.3,0.500628,7634.02,20534.8,36.1236
183,0,"Consistency test4: Golfball",Throw,1,0.445477,0.451414,0.0980243,0.395455,0,0,0,0,0,0,0,0,0,0,0,0,17200.4,-1,5892.95,0.537574,7308.02,9192.01,12.1289
